candidate_id,region,kind,dfs_executions
a96f2a9d4dbc11b2,2uonly.com,SR,1
23bd22e636cbaf7d,berkeley.edu,RB,4
181fba7670549331,berkeley.edu,MG,2
047661c1bb2152f8,berkeley.edu,DI,2
dcaae5769a3a2792,berkeley.edu,RB,8
329abe2af3f801be,berkeley.edu,RB,2
7e60167ead68c648,berkeley.edu,SR,1
3b83363a07523737,berkeley.edu,MG,4
757b418a21d2fffc,berkeley.edu,RB,1
e389e43e22483077,berkeley.edu,MG,4
0e79690f406d18aa,blogsot.com,SR,1
047fea4b60c819b6,atmosphereproducts.com,RL,4
d5f921df3344a377,atmosphereproducts.com,RL,4
d978db160743576f,atmosphereproducts.com,RL,3
e0ac1c4e6e5689d7,atmosphereproducts.com,RL,1
a469323baec2693a,cas.cz,MG,1
63ef28d52698f602,cas.cz,MG,7
e141601e7e8321ee,cas.cz,DI,1
a2b54eda26c641ff,cas.cz,DI,7
64d7f827cad62bc0,cas.cz,MG,7
64997e0d794831d4,cas.cz,MG,21
ed4a7330e46afc79,cas.cz,MG,5
0afa5cd80e0d6088,cas.cz,MG,21
8a3042bf09a99b0e,argeweb.nl,SR,15
1f5fa6822181f5ff,argeweb.nl,SR,16
015a5dc21610e856,adder.com,SR,1
1cda59c089444c58,caltech.edu,MG,1
775626778343d30a,caltech.edu,MG,1
de05afd056b7e779,caltech.edu,RB,24
47cd278ef5b64201,caltech.edu,RB,1
b288004128605a68,caltech.edu,RB,2
30ef30b6cfa7fa8e,caltech.edu,MG,30
71579a96ceeb4951,caltech.edu,RB,22
42052a7f069b4e47,caltech.edu,MG,29
ab8c40d369257c4a,att.com,SR,1
75e7b79451b1f583,att.com,SR,2
caacec25fa6ad8fc,architectsforumllc.com,SR,1
ae79b79e6f50aaf1,040services.com,MG,1
1d668bc565fbd6a7,040services.com,MG,1
fb438ac00558d770,040services.com,MG,3
c00dbf66c4510cb9,040services.com,MG,3
b751f60981f4e2c1,aezm.com,SR,3
48054a741e6bfb9c,aezm.com,SR,3
13826f1ef3cadf33,aezm.com,SR,3
d0d9c0450daacc79,aezm.com,SR,3
bac717c2656bf047,cknk.com,SR,3
f76758fd2f4ef58e,cknk.com,SR,3
ccb35368d000b04c,cknk.com,SR,3
823b97fd0e431b87,cknk.com,SR,3
e9b93a45fd0d394c,co.de,SR,7
31458b5349c59a84,co.de,SR,1
88ff242a880e385d,cbx.fr,SR,1
ff799e32fa0d39ab,bsnet.se,RB,1
1f400a196579d050,bsnet.se,RB,3
5ad32351469d22d2,bsnet.se,RB,2
1636f7c7625f9323,bsnet.se,RB,1
aa2a12547dfb17ee,arcelor.com,SR,1
dabfa78fb6f96c27,arcelor.com,SR,1
d194c401230756db,co.ls,SR,1
4688d56ee0093666,co.ls,SR,1
d48985d5837b2b42,co.ls,SR,1
a92a0f7e2fcdfda9,co.ls,SR,1
6409005c99b9f4fd,co.ls,SR,1
1371b20423dbe89b,co.ls,SR,1
372608df3a69bd95,co.ls,SR,1
4f01e8b910843aab,co.ls,SR,1
3a7229cf49e645d4,co.ls,SR,1
ff8788719c57b662,co.ls,SR,1
753381c1ce0932de,co.ls,SR,1
54269006a3a6836b,co.ls,SR,1
375ba9a170e1697c,co.ls,SR,1
6390d1510ffc1e09,co.ls,SR,1
d225c3b0ba055674,co.ls,SR,1
7b00d71c15943f4d,co.ls,SR,1
87aaabda2da81e8a,co.ls,SR,1
61d743dac2d8d8a0,co.ls,SR,1
63b96771dd3be055,co.ls,SR,1
0cde580c40523381,co.ls,SR,1
fa7fddf7163caa97,co.ls,SR,1
cc63a5610315588b,co.ls,SR,1
75bcb7a55d0f5260,co.ls,SR,1
75897a71b33eb882,co.ls,SR,1
773f7f38ace2b023,co.ls,SR,1
5190e992458fee13,co.ls,SR,1
5e609ce216f3645e,co.ls,SR,1
02c800e64344e1f2,co.ls,SR,1
af20b65bbdc25018,co.ls,SR,3
dd830e7a5e3359ce,co.ls,SR,3
3c7b9e99af8ce8b8,co.ls,SR,3
edf339b85e9faa39,asgr.com,MG,1
b180c2607ecdbbb3,asgr.com,MG,1
ad37f191b07ca977,asgr.com,MG,1
55af70681c1ba18b,asgr.com,MG,1
aa0fd8ab56316ca0,bzsc.com,SR,3
f93b5ab5b3c02e8c,bzsc.com,SR,3
1190ac2cf394f927,bzsc.com,SR,3
c6977f43622938ec,bzsc.com,SR,3
5ae7daa5cd7eef82,a-def.com,SR,1
c74dd8409e15a5c5,a-def.com,SR,1
db88dd61585c4bf8,a-def.com,SR,1
c71db09b2df2b437,a-def.com,SR,1
eda38f63dd66a7b1,bristolvaschools.org,MG,1
e27c89ad856d8889,bristolvaschools.org,MG,1
a40b547dd50dca99,bristolvaschools.org,MG,1
092ec3bfc8a0cfdc,bristolvaschools.org,MG,1
e4401620b65cd6c6,bristolvaschools.org,MG,28
ed5025cbe1d61f36,bristolvaschools.org,MG,28
0d060044f6320d83,bristolvaschools.org,MG,27
ce0ddb331fae6bcd,bristolvaschools.org,MG,27
d2101c0101a73b65,bissenes.ru,SR,1
a99cc14abfaaaea6,bissenes.ru,SR,2
267b05f3ec86c27f,act.au,SR,1
e6734c116e474f49,alloneword.tv,SR,1
5d29fb884318e6f0,borken.de,MG,1
599677f5b8893da5,borken.de,MG,1
51044e0861bed054,borken.de,MG,4
49ee87161c10a0ac,borken.de,MG,4
027b442a1741ce4a,akul.org,SR,3
88fda03769897ade,akul.org,SR,3
7b200fce89753721,akul.org,SR,3
2fbc038ff4f69de4,akul.org,SR,3
d3fdb65c49a4352c,buymyscripts.net,SR,1
7d4d20f236ad86cf,buymyscripts.net,SR,1
c8b39489afc7ea78,3raq4all.com,SR,1
bd2e3765d45fd09c,939j.com,SR,1
0025f1216139c51a,aaclasslondonescorts.com,RL,5
226439dfa013b538,aaclasslondonescorts.com,RL,6
9e028855be6fbb80,aaclasslondonescorts.com,RL,4
ac662e86431ff5aa,aaclasslondonescorts.com,RL,2
c80a974558dcec0a,blogplace.com,SR,1
70fbd1ce9e8218cd,alfasex.com,SR,3
fb9c4a9e8da1d44f,alfasex.com,SR,3
280be2bc8ff53709,alfasex.com,SR,3
3542976ababb9e60,alfasex.com,SR,3
8d2674087fcfc0ae,bokq.com,SR,3
3fd3e2b2b9cd80f1,bokq.com,SR,3
5b29b8ac28db29e9,bokq.com,SR,3
3cabdecf4011f72f,bokq.com,SR,3
3d588d289e7f6297,carydigital.com,SR,1
d3581f9760eae7f0,1111c.com,SR,3
a5758102ed19b528,1111c.com,SR,4
9be889f24a9d1f07,cephiretech.net,MG,1
84e8d8e6d7df57b7,cephiretech.net,MG,1
8b12b83a50ceeb97,cephiretech.net,MG,3
12f60b5cdf6e17dd,cephiretech.net,MG,3
f0a99b4f3b6776b6,bloomfieldgardendesign.com,RL,7
7c11b26f7c68da16,bloomfieldgardendesign.com,RL,7
ab604a6fee31f643,bloomfieldgardendesign.com,RL,6
91a72d9753718506,bloomfieldgardendesign.com,RL,2
aa588fc41983cca3,bac.com,RB,2
e8b9d1591baf37d6,bac.com,RB,2
12dba62e28d36243,bac.com,RB,2
882312f0dee772ea,bac.com,SR,2
8102e81478c5c47c,bac.com,SR,3
f52e476d28272a8d,bac.com,RB,54
9c03420b47bbd221,agenciauto.com,SR,1
b0e97046deb00660,2is.us,SR,1
83e581fb446ca7e9,amybanks.com,RL,5
22c13d85a94b6c3b,amybanks.com,RL,6
3c55576b5136c28e,amybanks.com,RL,4
dc5490052acce63a,amybanks.com,RL,2
09601282b68357a7,amazie.jp,SR,1
e166f08ead8de38d,amazie.jp,SR,1
ef1cb3b9b77c5ce8,codingstaff.com,SR,1
4fca27d18ace384c,co.mu,SR,1
ba100dedc5740fb1,co.mu,SR,1
7825893e0d1d70f9,10-video.com,SR,1
c3eac3a0e1779e25,brunet.bn,MG,1
aec2206b5f7fa234,brunet.bn,MG,1
8d896d7b979ac40b,brunet.bn,SR,1
28bfff9977355889,brunet.bn,MG,143
6d8c89782111c59a,brunet.bn,MG,142
063a1b7da6c42d13,blacklisted.pl,SR,1
639bcea855c2e09c,avantel.ru,SR,2
3ebf3cf5a7b7d5c9,avantel.ru,SR,4
8213cb46aa0b7eec,8hosting.net,SR,1
9e6dd9e062aa3f0f,avih.com,SR,3
28e5e1e139e9da20,avih.com,SR,3
b4da95a9908c59d7,avih.com,SR,3
6e3b409cf9031743,avih.com,SR,3
4a578f2868788f5d,cgonews.com,SR,1
f93d68ac74099ead,cgonews.com,SR,1
e0646d90c45d0c53,acsalaska.net,RB,1
96d362fb044b0c23,acsalaska.net,RB,1
be42c1ec6b96ddac,acsalaska.net,RB,1
4f0d56978ef11d74,acsalaska.net,RB,1
2851ca2d318f3ad4,acsalaska.net,RB,2
22a5ec581355dcaf,acsalaska.net,RB,2
95b83f5ac60d7b36,acsalaska.net,RB,1
64b35d2b172269b0,acsalaska.net,RB,1
8ba0bb08ca22b239,70mb.ru,SR,1
730068d4ea1b77ea,bestwinningoffers.com,SR,3
5d1563ca26ca52e2,bestwinningoffers.com,SR,4
be2379d515d7b037,com.ai,SR,4
d2fd3db8d24f1aaf,com.ai,SR,4
b6083f6f2f817eb5,com.ai,SR,4
5abd974f4bc8433c,com.ai,SR,4
d9ac937cf014d273,com.ai,SR,4
6e724079abe99a96,com.ai,SR,1
dd1be62cd9e32d47,com.ai,SR,1
16516ffc5c670ba3,com.ai,SR,1
d8165fd2b5c21d51,com.ai,SR,1
bf62c9e4a8909185,com.ai,SR,4
4b2bde85402e373e,com.ai,SR,4
431681668cf1402a,com.ai,SR,4
d68bfeaba78afed0,com.ai,SR,4
b1c4473c11d6952d,com.ai,SR,4
3d926054bd8b3cce,com.ai,SR,1
9202da2615f342a6,com.ai,SR,1
9052e9b0cc3fefe4,cn.com,SR,1
d70db6fc04fab4b1,cn.com,SR,1
825cd042cb23ed36,cn.com,SR,1
14d0e1c226c58b88,cn.com,SR,1
7f03f4887a2e409b,cn.com,SR,1
1f76c4d789a59715,cn.com,SR,1
90bc00838af9bd1f,cn.com,SR,1
749c9d3b5739bb14,cn.com,SR,1
79309d0038eccc16,cn.com,SR,2
e9b49f456781dea4,brown-pride.com,SR,3
647f5c39d0fc950e,brown-pride.com,SR,3
13cbb2a771627456,brown-pride.com,SR,3
e3e463956fdf9bfd,brown-pride.com,SR,3
d31a23b7a79d3e5a,bellemaison.jp,SR,1
fbcae501f37bfca6,bellemaison.jp,SR,1
843b701796727c80,bellemaison.jp,SR,1
e88aa4725b56d220,bellemaison.jp,SR,1
5de82ec6c75d1ae8,bellemaison.jp,SR,1
8518f01ad093383e,bellemaison.jp,SR,1
8cc503190e4e9c14,bellemaison.jp,SR,1
c43519ca6e5631d2,bellemaison.jp,SR,1
4abd31f9715ce1bf,berklinefurniturestore.com,RL,6
bee99b1915991c72,berklinefurniturestore.com,RL,8
dd575f4b6053449b,berklinefurniturestore.com,RL,5
e386073ff0f85de0,berklinefurniturestore.com,RL,3
e8f4ba35f26b7a4d,atikotek.com,RL,7
8d3b3fc77426d130,atikotek.com,RL,4
ba089f5ab269c8fe,atikotek.com,RL,4
b73deb11f3e8dec2,atikotek.com,RL,2
97182d5704e3c36d,co.gg,SR,1
ad71f583da35c631,co.gg,SR,1
af11b905d30a83da,co.gg,SR,1
b90eb89e796bc0d5,co.gg,SR,1
cdba7752c2168115,co.gg,SR,1
85a83c65b259ad53,broadridge.com,MG,1
dcac8d2b562fc5dd,broadridge.com,MG,1
7ac8f586d9d0887a,broadridge.com,MG,1
203f4bd016e301a7,broadridge.com,MG,1
cfd3b83dac4a8447,broadridge.com,MG,1
c242e5af7199d013,broadridge.com,MG,1
c2e4ff42a50f746e,broadridge.com,MG,4
46cbccd4e35b0dbc,broadridge.com,MG,4
fd7c1a7abd7311d9,broadridge.com,MG,4
6a92896db5d181a1,broadridge.com,MG,3
cda1a06b811e1502,broadridge.com,MG,3
0d0a158a9d867278,broadridge.com,MG,3
bdee1d2ae1ee6f76,co.ca,SR,1
212f03b366a36039,apollogrplegalinfo.com,RL,8
f3c15814d23cfe0b,apollogrplegalinfo.com,RL,9
d749e188920b2950,apollogrplegalinfo.com,RL,7
29972894bd064aab,apollogrplegalinfo.com,RL,3
85551522e1d61d1d,aiwill.com,SR,1
1c6b84838ce04500,aiwill.com,SR,1
d985bdcb6ca84af1,3bureaucreditreportsplus.com,MG,1
b4a9674e5f549ab3,3bureaucreditreportsplus.com,MG,1
0fdfbfa4f1051ebc,3bureaucreditreportsplus.com,MG,1
d0f5903303975e7a,3bureaucreditreportsplus.com,MG,1
504dee9d2eb82741,3bureaucreditreportsplus.com,MG,6
f5e6f43d2b8ef826,3bureaucreditreportsplus.com,MG,5
da96355ff353de4d,3bureaucreditreportsplus.com,MG,5
822c4fcd518d51cc,3bureaucreditreportsplus.com,MG,4
5ebf4e6c2fea3f0a,bmg68.com,SR,1
4970e9719f415386,cmje.com,SR,3
ebe5b546ee829674,cmje.com,SR,3
bb256a28068ac5fe,cmje.com,SR,3
189353bd23c5c9e0,cmje.com,SR,3
0d49868f575f844f,ckdw.com,SR,3
5996e7c9c4c46d2e,ckdw.com,SR,3
05c67a5abe79d8d3,ckdw.com,SR,3
5b619055625fecc8,ckdw.com,SR,3
389efbb0cc6b752f,apuj.com,SR,3
120db05a4ba1a1e8,apuj.com,SR,3
74a239cef2b35031,apuj.com,SR,3
5b8aafa8e214787b,apuj.com,SR,3
98575f1694af4e9e,chchz.com,SR,1
5b3813e4cc622eeb,bfcms.com,SR,1
7d6c8c1395ab4277,apvk.com,SR,3
ce4cc84338c45ffd,apvk.com,SR,3
da1fe9485954c7d8,apvk.com,SR,3
f056979163d00a39,apvk.com,SR,3
aa125a61a31f5d17,536g.com,RB,1
389e24d29a005330,536g.com,RB,2
35d5db1d4e4705b1,536g.com,RB,1
86f3ed1201b579fe,bijc.com,SR,3
d42ca9f9417577be,bijc.com,SR,3
fbc7a1d4b1026a54,bijc.com,SR,3
c620a2bb5459783b,bijc.com,SR,3
4b76cd11e0ddbf70,bounty-hunter.net,RL,6
0dc856458bf823bd,bounty-hunter.net,RL,8
957399d731dca65b,bounty-hunter.net,RL,5
3e5a4e7dbf48334c,bounty-hunter.net,RL,3
c93f5b9df41c8134,blog123.jp,SR,1
0b61214fb98329e5,blog123.jp,SR,1
28bae50c6905cd50,bmcdn.jp,RB,2
765eb71364f772cf,bmcdn.jp,RB,1
90377d54b6b3a67c,bmcdn.jp,RB,2
d8c2c4e7cb4e1496,bmcdn.jp,RB,1
d0cd8dec4290cc87,car-tips.biz,SR,1
1072fb93cc017fb6,45969.com,RL,11
5a0437343e0d5b87,45969.com,RL,10
c4b409cb11ef24e5,45969.com,RL,11
55e0532f79a2acf0,45969.com,RL,4
03eb8ee28cb325fc,45969.com,RL,11
0ad409c15da17dd1,45969.com,RL,5
b31ee7104f11e9fc,45969.com,RL,1
d2703b10af67df5f,45969.com,RL,1
d78aa792bf66348b,45969.com,RL,3
45b92aaa7648b2cb,45969.com,RL,1
598d5ad209555324,45969.com,RL,3
5a0d180a8fe23274,45969.com,RL,1
a5436bcac40821cf,aid.pl,SR,1
1623933b86fa4fc4,aid.pl,SR,1
04a874d2616ad3be,aid.pl,SR,1
afca95f1bd0cbe92,aid.pl,SR,1
215213a699869263,aid.pl,SR,1
ef89bf6626e2a908,aid.pl,SR,1
4b1a4c26c85b50e9,aid.pl,SR,1
bdd73c3056aeec6e,aid.pl,SR,1
c5c3937f1ea44d03,aid.pl,SR,1
57b250de8fdb61bc,aid.pl,SR,1
0f5c9ce3480f0bfd,aid.pl,SR,1
e34272561a910808,aid.pl,SR,1
33d19a0023e45bb9,aid.pl,SR,1
5ce1780723987798,aid.pl,SR,1
55a338f299e17638,aid.pl,SR,1
49a651e57be4d096,aid.pl,SR,1
9ea450e61a0e620a,aid.pl,SR,3
657e9f2d1e1b2660,aid.pl,SR,3
92a54b99dc50557c,aid.pl,SR,3
3957a05a0d44c716,adobe.com,MG,1
0917de6f23e0fee3,adobe.com,RB,2
6d9dfe106d3d8780,adobe.com,RB,2
46c0fad7cc1886ed,adobe.com,RB,2
dc2cc68843b16338,adobe.com,RB,2
9591fb01b0df5fc7,adobe.com,RB,2
af817bbf0be1c120,adobe.com,RB,2
7655be873b839edd,adobe.com,RB,2
13813b3b6666c536,adobe.com,RB,2
319b3b9d44212621,adobe.com,RB,1
6961b4f9b3c54c91,adobe.com,RB,2
be0961a618475470,adobe.com,RB,2
f0d027065665b2ad,adobe.com,MG,1
b1737930a8595ef5,adobe.com,RB,1
045687f465911450,adobe.com,RB,1
dbde15c5cfbbf236,adobe.com,RB,1
1c0ef89ea9bd9573,adobe.com,RB,1
afda95b893666a38,adobe.com,RB,1
42456a96352d84b8,adobe.com,RB,1
6f608c292479c33a,adobe.com,RB,1
6dba7f67f3aeeef0,adobe.com,RB,1
ee4c18180cbd3dfd,adobe.com,RB,1
4e87b5160db5e6b9,adobe.com,RB,1
5f8c0f61c5168b85,adobe.com,RB,1
ffab56f38d6f1f1a,adobe.com,RB,2
106adb4ba488dfb7,adobe.com,RB,2
1c87f5a7ca5f37ff,adobe.com,RB,2
a0d238f63d9be564,adobe.com,RB,2
32cbb1ec2641f45f,adobe.com,RB,2
abecef4ab71f45d7,adobe.com,RB,2
a3a2ed01780b699b,adobe.com,RB,2
139c5e97802cf418,adobe.com,RB,2
b418d3137ee3c6ba,adobe.com,RB,2
43b70bd44bb322f4,adobe.com,RB,2
2d6307b069452f55,adobe.com,RB,2
834643bfaa5f454c,adobe.com,MG,2
f00e1f5b34b1112d,adobe.com,RB,1
25378356a9bc6329,adobe.com,RB,1
5263c44d711cf5c4,adobe.com,RB,1
212c084d4a72c382,adobe.com,RB,1
944e01899ef60468,adobe.com,RB,1
cd53eac5b19fc9d9,adobe.com,RB,1
72ae7a6cf5ff996a,adobe.com,RB,1
85e567fa97f14bbf,adobe.com,RB,1
aca297938f17d5df,adobe.com,RB,1
6ed23ffcdbb7202d,adobe.com,RB,1
1fb6ab08beb29d96,adobe.com,RB,1
c1a230a0c7419a29,adobe.com,MG,2
aae9553595f886b4,baddgrammar.com,SR,2
a694e29dc75e0bb1,baddgrammar.com,SR,2
ce6cf23ebb3c2743,baddgrammar.com,SR,2
558e2f588c2682c4,ac.ru,MG,1
6b47a27856a0b5fc,ac.ru,RB,69
428f61f0f3de34fe,ac.ru,MG,1
a05b7f4501ce233d,ac.ru,MG,1
f9a354b2f35c7f3a,ac.ru,MG,1
4177133b840f7eb6,ac.ru,MG,1
ac8856628c6f4e17,ac.ru,MG,1
e0427a869dae016f,ac.ru,RB,1
aaf761d064200204,ac.ru,RB,2
807d408d8d26dc9b,ac.ru,SR,1
9dd576d474daaef2,ac.ru,SR,1
681d84568e9d5d9d,ac.ru,SR,1
d475d71a6e1881c2,ac.ru,MG,10
6e41667b246fbf84,ac.ru,MG,3
ed6ccdc2d733f621,ac.ru,MG,7
772683a080f48160,ac.ru,RB,67
4a08a1c9074464e5,ac.ru,MG,9
a0e435ccef1576ce,ac.ru,MG,2
3d5b5eda0d9d87c5,ac.ru,MG,6
a206f2e50870ea80,4cq.net,SR,1
186e739cc46471ef,bhve.com,SR,3
64f4c51980b80c4b,bhve.com,SR,3
11abae3fa4b666e4,bhve.com,SR,3
2a74623b58e6d821,bhve.com,SR,3
d25a2bfc75a50cc3,clvn.com,SR,3
adc4c0cdc237de30,clvn.com,SR,3
53f6532f18d9f043,clvn.com,SR,3
efeda0b818c51c11,clvn.com,SR,3
1feef828d20bba1e,addition.pt,MG,1
3078a957db95aaca,addition.pt,MG,1
10e705d6b0ed5f7c,addition.pt,MG,1
d8d2c73427650451,addition.pt,MG,1
097df6b8338d1605,biz-aceonline.com,SR,1
22cf15b6eb79b0b7,bond-of-hearts.jp,SR,1
b2bcd0b92a9f4957,bond-of-hearts.jp,SR,1
a59958164243e378,catloader.com,SR,3
2ab05939a5635796,catloader.com,SR,3
726c8bac9452239b,catloader.com,SR,3
bb28375c227278bf,catloader.com,SR,3
e7192dc7bfa1d4a9,at99.at,SR,1
ea1de26b325c164c,at99.at,SR,2
0f2a4a5de7a3ff5a,at99.at,SR,2
02cbbd94bcf79973,at99.at,SR,2
cf85ec7d302b0383,bhwjc.com,SR,1
aae01d09309c913d,bhwjc.com,SR,1
7259781edd9357b0,cmskit.jp,MG,1
2e0604e03a6470df,cmskit.jp,MG,1
30bbb6b72d9d5204,cmskit.jp,MG,2
9f7e2c303dbf0cc3,cmskit.jp,MG,1
c5cc405d78524a1a,12dn.com,RB,1
d5e5fc15df0c9d64,12dn.com,RB,4
c6b0bd24240e21cb,12dn.com,RB,1
5aaf30ca87564d08,bg2.info,MG,1
ca2ec06a0cb6481e,bg2.info,MG,1
c823773cb6a0c3a5,bg2.info,MG,1
822ab65315c9d173,bg2.info,MG,1
ae3c962f7854963d,bg2.info,MG,2
9d75feb112d09a95,bg2.info,MG,2
d05cb653b1ac5818,bg2.info,MG,1
7b49e52db7e948fd,bg2.info,MG,1
edfeff3b3b9312c4,cafy.org,SR,3
b322dfd48fe07b5e,cafy.org,SR,3
aecffd9df2ffc0b4,cafy.org,SR,3
e0fb2ec740a31785,cafy.org,SR,3
93c1e6bdf1b85b0e,3gcz.net,SR,1
525df8e9d5c0fc77,afacereamea.ro,SR,1
d404354b50abe4d8,cimbniaga.com,SR,1
8757f3db24ac7f54,cimbniaga.com,SR,1
1709b405e4e13b19,cimbniaga.com,SR,1
24faa27891ecb544,cimbniaga.com,SR,1
14047b633b7d40b5,articletweet.com,SR,4
30e88fdd5ff33a0c,articletweet.com,SR,5
c782ae555f11d7ef,bmtechnics.be,SR,1
cad752d08e1d0f02,cbbk.com,SR,3
a52273eda96e3aa3,cbbk.com,SR,3
8552747605e36a65,cbbk.com,SR,3
7193e0bc26939af0,cbbk.com,SR,3
8a9b16655114baba,chocolatebycacao.com,RL,6
d407330848d266c1,chocolatebycacao.com,RL,8
daa602d341c55cbe,chocolatebycacao.com,RL,5
da03add96d83b606,chocolatebycacao.com,RL,3
7d1958db8989ceea,bqjt.com,SR,3
dea073db7f7f88e3,bqjt.com,SR,3
f726a44ec769bbfa,bqjt.com,SR,3
b2729dcfdd0cca71,bqjt.com,SR,3
ec222b54ff985deb,01cl.com,MG,1
3fc6210244d6961d,01cl.com,MG,1
def83f4d709410da,01cl.com,MG,1
f121a53a891f2475,01cl.com,MG,1
c9f85bbe76cd6734,01cl.com,MG,1
156b1c8fc8f497ff,01cl.com,MG,1
c77daffd9e3a51bc,01cl.com,MG,3
9b57f6ead4d598dc,01cl.com,MG,3
c03d6c0058da9161,01cl.com,MG,3
c2170516614815e7,01cl.com,MG,2
482e2511cf77029d,01cl.com,MG,2
e0ff80b18016c773,01cl.com,MG,2
f4d82bf939e73317,bikinibeachnightclub.com,RL,6
6c023e5a31388249,bikinibeachnightclub.com,RL,8
47b564b3ad353981,bikinibeachnightclub.com,RL,5
198e657d8d75bab8,bikinibeachnightclub.com,RL,3
28b90cc6b24bb40b,bwbn.com,SR,3
9efea36632daef4d,bwbn.com,SR,3
79912d5dc11bf709,bwbn.com,SR,3
d5208f47a91d14c0,bwbn.com,SR,3
9e3acde4ebb89045,bcbst.com,SR,1
0af9d5b6f82e808f,bcbst.com,SR,1
870caba59a8f5aeb,bcbst.com,SR,1
780e6f754f38decb,bcbst.com,SR,1
8e6e2007f135945b,bcbst.com,SR,1
715a32a3ebfe4f12,bcbst.com,SR,1
82fdf2ec3b148901,bcbst.com,SR,1
7d044a366aec3532,co.pt,SR,1
edfb7a2a244afe46,520zh.com,SR,1
848eb8dc94219952,co.uz,MG,1
2c5d1bb726e0c0e9,co.uz,MG,1
691938a9eb80e4e0,co.uz,SR,1
826184ab5e48521a,co.uz,MG,8
aaef9f9b06f3ec71,co.uz,MG,7
0268a7d8ebc9c711,bpsurfboards.com,RL,6
2adcad1c015d767b,bpsurfboards.com,RL,8
3626cfa81fa81c1f,bpsurfboards.com,RL,5
782118ec342af0a7,bpsurfboards.com,RL,3
e2a2602a73ebc76c,bvnp.com,SR,3
26e9444353579a1a,bvnp.com,SR,3
a97518f98eae5f1d,bvnp.com,SR,3
7bda4bb8afb5c889,bvnp.com,SR,3
68bb9408c9d81fb6,bkbw.com,SR,3
3c1bf9fba66ef915,bkbw.com,SR,3
58a4327a35538040,bkbw.com,SR,3
81511016bdc59b61,bkbw.com,SR,3
b34d0c3e44cebef4,au.edu,RL,3
d1ab4e97d22594b5,au.edu,RL,2
3c0889bcaf1449c9,au.edu,RL,2
5d9c0f80ff1493fa,au.edu,RL,1
ef37f5ddfb89a2c6,cdcfws.com,SR,1
4de798dd8da47005,ayog.com,SR,3
a47e0993baff16af,ayog.com,SR,3
e4a6a5e428ce0ea0,ayog.com,SR,3
2b2e38e1c088f16a,ayog.com,SR,3
a67aa94edd7f83dc,clubemitsubishi.com,RL,8
76a4fcab8f7c1b0c,clubemitsubishi.com,RL,9
d56b39612106b9c5,clubemitsubishi.com,RL,7
1a3def392aa75c66,clubemitsubishi.com,RL,3
12f3af830c74572a,aha.ru,SR,1
2f3af114b96da1ad,aha.ru,SR,1
32c52340d5518239,aha.ru,SR,2
3828485f13362ae6,ainji.com,SR,1
e4e0d5aadc888380,baseballcardstore.net,SR,1
96ba268a490427d0,bulldogmania.net,RL,6
c5318cc146c7aa17,bulldogmania.net,RL,8
c9252e1e8aea2971,bulldogmania.net,RL,5
06ff6bb5093fa0ee,bulldogmania.net,RL,3
6890940cd7dbd0d9,baseball-library.com,SR,3
451a684e02b86288,baseball-library.com,SR,3
21a0d2ea0ac0c51f,baseball-library.com,SR,3
c058803b6ff3ac07,baseball-library.com,SR,3
3a20d29642442560,bestestzone.com,RB,1
48f3a91dfc07e094,bestestzone.com,RB,2
7b7ab95cf4e5f0c0,bestestzone.com,RB,1
e83e9bd75fb4b9a9,atola.com,SR,1
0ef8aafd445631f9,aeroport.fr,SR,1
c7e9c05b73000acd,aeroport.fr,SR,1
8e57d6778afd8476,acm.org,RB,1
343dc3c78f7ab0b8,acm.org,RB,1
fed6f791a9b090e6,acm.org,RB,2
343629191f4a563d,acm.org,RB,1
9845153bafdef2dd,arcoms.com,RL,9
2d0dfdd3131ad0a6,arcoms.com,RL,14
62034cecf327da5a,arcoms.com,RL,8
567fa0875c63e90a,arcoms.com,RL,6
444084fe8eba356b,astrakhan.ru,SR,1
259480e96e1dc07e,astrakhan.ru,SR,1
696f1016f2975ed9,astrakhan.ru,SR,1
fd18649701e67b6f,astrakhan.ru,SR,1
1e6ab6e75c49f1b9,astrakhan.ru,SR,1
8ec88c5481ebd2b2,531518.com,SR,1
b5d8222315b4ce54,adwz.ru,SR,1
f689e2eac9e46037,bykv.com,SR,3
f5aaf6d86010c23a,bykv.com,SR,3
1762094a6ca9300b,bykv.com,SR,3
487fc0a7659b3d9c,bykv.com,SR,3
0145a8ff5a669686,axph.com,SR,3
0d5b86dd4799704e,axph.com,SR,3
270cac385dc31345,axph.com,SR,3
1ff14b6b2d69acce,axph.com,SR,3
cbadcd28878500a8,caoq.com,SR,3
a657d742e64f2004,caoq.com,SR,3
5ff11753cb6b1a5d,caoq.com,SR,3
39239d5c6415d04c,caoq.com,SR,3
e9834176a9e4964e,aggelosnet.com,SR,2
3bde1f4d09366a76,aggelosnet.com,SR,3
c9e5d5eb5d3b93a0,basf.com,SR,1
6f2231764000caec,basf.com,SR,1
b68445aa713e57cf,ajdu.com,SR,3
3527236ef9fbbc70,ajdu.com,SR,3
c8549889dba97d67,ajdu.com,SR,3
434f98fa697b7c16,ajdu.com,SR,3
3469fa7a78b8186c,aol.com,RB,1
eda2608ffdf7d811,aol.com,RB,1
8e1b22cc067354a8,aol.com,RB,1
57101c52187d8527,aol.com,RB,1
9316a6876478f1ee,aol.com,RB,1
6caf597019c8241b,aol.com,RB,1
b8d0aff87f657442,aol.com,RB,1
d080791e460a2bdf,aol.com,RB,1
ac69402b774155ef,aol.com,RB,2
19c407e09a836726,aol.com,RB,2
514014f854961e13,aol.com,RB,2
378e82348f2551ad,aol.com,RB,2
7cd4a2679196e88c,aol.com,RB,1
fd33ed458056a704,aol.com,RB,1
ef4f05066238c262,aol.com,RB,1
f29b1704fa5625eb,aol.com,RB,1
562d99c7cafc5a15,bellsouth.net,SR,1
8230323ce32b3821,bellsouth.net,SR,21
b56ec0a37fe8811b,auf.org,RL,1
51b01975a41e56df,auf.org,RL,10
d539fc6d5ed8c508,cfsk.com,SR,3
b6cd9a4ec587f689,cfsk.com,SR,3
6439b479a1e89497,cfsk.com,SR,3
c7c007788e390c62,cfsk.com,SR,3
1e6c999d6a6b4069,base-t.com,SR,1
a9de20107d579061,base-t.com,SR,1
f32fc4f635bc73b2,americanautoassurance.com,RL,6
2dc2aa220a1165c9,americanautoassurance.com,RL,8
a714fb126b9b2c9a,americanautoassurance.com,RL,5
f0ef6db6b853fd72,americanautoassurance.com,RL,3
0bdaf38c1188a5fe,baidu.com,RB,1
4d6e5e80977144f2,baidu.com,RB,1
3570aa60cb38a323,baidu.com,RB,2
06bf987493a02f76,baidu.com,RB,1
0175eb35423c7960,5-vip.com,SR,1
f5f9644fa6eb9c7b,citrix.com,RB,1
c30365350e29d271,citrix.com,RB,2
177e5e90805d1723,citrix.com,RB,2
27ebf19bd925cc54,citrix.com,RB,1
c2238cf5bff8b9d8,cm4allbusiness.de,SR,1
62fdbaaad1afa7e2,advancedmarketingsolutionsfl.com,RL,6
75895c07c08657bd,advancedmarketingsolutionsfl.com,RL,4
9c0dfac80ff0efd6,advancedmarketingsolutionsfl.com,RL,5
6445ecb88584e4a0,advancedmarketingsolutionsfl.com,RL,3
2fc3aa5c4f69f88b,advisortlc.com,RL,9
10959d9883009a93,advisortlc.com,RL,6
4590e49b0a04c8fc,advisortlc.com,RL,6
512ed08aa12faea9,advisortlc.com,RL,4
29b2e20e24738962,callshopcompany.com,SR,1
2c8976f081141c8e,alleydog.com,MG,1
6c3509b4e3c1b855,alleydog.com,MG,1
dc3e34bcea5aef7b,alleydog.com,MG,1
12b65298cf094ddc,alleydog.com,MG,1
ff8a64096b928280,alleydog.com,MG,8
06ee8b0b45279c97,alleydog.com,MG,10
6eff1b659651f8be,alleydog.com,MG,1
fb160f7c64401ceb,alleydog.com,MG,1
5741afd07a8a3bfd,027w.cn,SR,1
2b45b2a4559ab179,choiceusedcar.com,RL,6
9a1943ff536246d3,choiceusedcar.com,RL,8
b3ba25151b0bffe1,choiceusedcar.com,RL,5
e5ecb340f76751b4,choiceusedcar.com,RL,3
2547d13cb772ccd3,cdjn.net,SR,1
3886a8bb5745bf2a,accordloans.com,RL,6
4326b407478fc056,accordloans.com,RL,8
9298d54cc64c40c6,accordloans.com,RL,5
32163a3cf99f8462,accordloans.com,RL,3
70e8c11e71b18e20,biz.kg,SR,1
d2cf5d5dac18cbd3,brra.com,MG,1
ea964ca178bea0a7,brra.com,MG,1
1e760705fe8119f6,brra.com,MG,3
5b721aea9be1e2df,brra.com,MG,2
3d6aa8925a467376,cibcmellon.com,SR,1
25a024ae93042ede,cibcmellon.com,SR,1
2e4a365e530150e9,cibcmellon.com,SR,1
ddf0d794600e6a96,cibcmellon.com,SR,1
e05f3f7e05ffcc5b,cibcmellon.com,SR,1
9291da1d01e2371b,cibcmellon.com,SR,1
6bf9c057aab08ac3,cibcmellon.com,SR,1
01a7f0f8a1eeb765,cibcmellon.com,SR,1
cd0fe97465c8f187,cibcmellon.com,SR,1
498842622cf5fba4,cibcmellon.com,SR,1
77e3e3b3b4b13734,cibcmellon.com,SR,1
cbb4760273c8e2d9,cibcmellon.com,SR,1
d1742ccce21fe854,cibcmellon.com,SR,1
3db17f6ef3bc9d97,cibcmellon.com,SR,1
f92fb390bd3d49be,cibcmellon.com,SR,1
6f9a602ae8eb1f8f,aefv.com,SR,3
1511c08d3db0afd1,aefv.com,SR,3
aaf27e676d85f257,aefv.com,SR,3
a5027e5f7204884a,aefv.com,SR,3
6c7026f3fb202ab1,516dj.com,SR,1
f88141dec41cd469,awzi.com,SR,3
47553b62ab1eacc5,awzi.com,SR,3
f3fbf6b40b9fe1aa,awzi.com,SR,3
2edee06803d1f988,awzi.com,SR,3
fd236206bd03dc1e,51un.net,SR,1
2af26c8400649e21,beijingvirginpark.com,RL,2
ccc9847d60c394ad,beijingvirginpark.com,RL,2
923f2b9e43a0d74c,beijingvirginpark.com,RL,2
679d75f749c655f3,beijingvirginpark.com,RL,2
13654672087d69d0,beijingvirginpark.com,RL,3
90db1e13dd92b0cf,beijingvirginpark.com,RL,5
6015f52efa997b42,beijingvirginpark.com,RL,5
3de4f96d70114ffc,beijingvirginpark.com,RL,5
b99420a348bde2bd,beijingvirginpark.com,RL,5
b50dd9eb6618aeb6,beijingvirginpark.com,RL,1
4b4fbe8d2fa604a7,asia.com,SR,1
d075fdda3ec222a5,asia.com,SR,2
1889459531783a91,bcez.com,SR,3
4bd65eb24868d72c,bcez.com,SR,3
ae2171a060c46edc,bcez.com,SR,3
0b126ac9842b6c0c,bcez.com,SR,3
eb3af3be3b9482d9,bingchuang.com,SR,1
54c032e2f503d92b,a2ztechsource.com,RL,11
e63fb80b19388060,a2ztechsource.com,RL,8
1dc58a895a180838,a2ztechsource.com,RL,8
e8260cdc071cf3c4,a2ztechsource.com,RL,6
3e65423952a2d58e,bneq.com,SR,3
d2c4ff9346fabe95,bneq.com,SR,3
3bc1b8e4f244fdaa,bneq.com,SR,3
9bfd68d6c3c36630,bneq.com,SR,3
5c6a4f55e1e1a35b,brainst.net,SR,1
76c4c3ebe3b45dee,adspage.net,RL,10
8575ebc3c5bc8cb3,adspage.net,RL,7
03e1c2518c91c6b1,adspage.net,RL,4
68db271d67fe1ebf,adspage.net,RL,6
0864eafe8c08b0c2,bguh.com,SR,3
60003b6af2b532b7,bguh.com,SR,3
5da9c1b3f48d6d9b,bguh.com,SR,3
f13878f0cc3a8cc4,bguh.com,SR,3
87ac09dcc57637c1,anzk.com,SR,3
084fb14b5381c64b,anzk.com,SR,3
b6fe75168438fb2d,anzk.com,SR,3
37f38f192c063c40,anzk.com,SR,3
9f37754f85f08c5d,charliekrackelerpresents.com,RL,8
c8ba962184a2c0f7,charliekrackelerpresents.com,RL,5
8718ae0ae0f6defb,charliekrackelerpresents.com,RL,5
387973fc46b16e32,charliekrackelerpresents.com,RL,3
16a9aa659415b623,aax8.com,RB,1
b90d5d856a4fc68b,aax8.com,RB,3
d8c5d84e4f87120f,aax8.com,RB,1
c4f23958b3fc78a0,axui.com,SR,3
323e9d3ef337eb1e,axui.com,SR,3
e586cd4f08fca6f3,axui.com,SR,3
231f67319778cae5,axui.com,SR,3
e9dff2d144477bf5,borninussr.ca,SR,1
abfd4ba0be95f066,adecco.com,SR,1
b02bcb69dcc23966,adecco.com,SR,1
321cf98d846cf337,adecco.com,SR,1
a05a140eee074ccd,accbankonline.ie,MG,1
24759682df5c446d,accbankonline.ie,MG,1
072a4322de5f9766,accbankonline.ie,DI,1
0beb255dd7ed8a91,accbankonline.ie,DI,1
7588f84258a86379,accbankonline.ie,DI,1
680a1c1b519f46ab,accbankonline.ie,DI,1
0fa4673e46af7ed1,accbankonline.ie,MG,2
6220ec385fbcd98d,accbankonline.ie,MG,3
427023224a389401,accbankonline.ie,MG,1
dea0d79098600536,accbankonline.ie,MG,2
cfa45e5d4647fa2a,alberta.ca,RB,1
72a37f731645ff6a,alberta.ca,RB,4
336e41e7225aa9b8,alberta.ca,RB,2
875a8e081b6659c0,alberta.ca,RB,1
76392095fb0071f0,bf188.cn,SR,1
8aef5d1f9e427bf9,816cf.cn,SR,1
19bddaf9fa978048,cigj.com,SR,3
2da844850a40a8cb,cigj.com,SR,3
5969ee5b59503de3,cigj.com,SR,3
c169132befa6bd59,cigj.com,SR,3
4232e9f96baad6c6,c685.com,RB,1
76de2c533bfd75ad,c685.com,RB,4
9ba30f150aa8a0aa,c685.com,RB,2
c551111e860930d8,co.ni,SR,1
cab2df09e32f6305,co.ni,SR,1
24d798b9b1fceea3,co.ni,SR,1
eb4f344bed956e51,8055.net,SR,1
1ace2ae4d82d9323,afjord.no,SR,1
b21a42bc113f8f51,beachromana.com,RL,7
288ccd2b3d41d30d,beachromana.com,RL,4
78f5e73c1cc62f66,beachromana.com,RL,4
1be51992b2adae81,beachromana.com,RL,2
96d1a86aa383b361,axemia.com,SR,1
9b1d28b574ac55eb,518yb.net,SR,3
77c44cbd548be4b7,518yb.net,SR,3
ce2ad684b37cbae1,518yb.net,SR,3
3ed955df17f3baef,518yb.net,SR,3
2b10a96089201c75,ajvu.com,SR,3
aec3f26379182abb,ajvu.com,SR,3
9a7f2a550a92ce47,ajvu.com,SR,3
998b079f8d3baaa5,ajvu.com,SR,3
4ca93a5192016362,binghamton.edu,RB,11
5e281231ee4be8d4,binghamton.edu,RB,1
41ce67d4a2021cc2,binghamton.edu,RB,2
afff9066f1fe0bb0,binghamton.edu,RB,9
6db2cf8ab14c3980,avalonsoftware.org,MG,1
c69e4010e0a8f365,avalonsoftware.org,MG,1
7459aacb41c9f43b,avalonsoftware.org,MG,1
db06d56dbeefab21,avalonsoftware.org,MG,1
4faa480b74f341ca,avalonsoftware.org,MG,7
b0d8836d5a47b91a,avalonsoftware.org,MG,7
153d4817a8d0254d,avalonsoftware.org,MG,6
388e88536bc909ad,avalonsoftware.org,MG,6
9d36d5a4abf0bbb2,bmok.com,SR,3
e18a345e5275301c,bmok.com,SR,3
c085e432dbc276a2,bmok.com,SR,3
45c42f52c149664e,bmok.com,SR,3
19e31963043a592a,avitu.com,SR,1
50bcd2796c753951,60588.net,SR,1
2db12f9c2fa2bf36,buch-insider.de,SR,1
b8cfb92da92edb76,bcbcd.cn,SR,1
4d5dd8cdec371734,austrheim.no,SR,1
e253154ec5cd12c3,cng.br,SR,1
2c255f30d3d41ac0,cng.br,SR,2
b806562ffe5356d1,cng.br,SR,2
11bc49df26df846d,cng.br,SR,2
080d9bc4fc62b437,avgf.com,SR,3
22937c06931fef4f,avgf.com,SR,3
1248f1fb17a8ab14,avgf.com,SR,3
2553c063417b9329,avgf.com,SR,3
464af2fb3e35b364,clickndownloads.com,RB,1
b8fa6dfdd741de6d,clickndownloads.com,RB,8
75519a64ebe5af24,clickndownloads.com,RB,6
57f217994257db60,abkhazia.su,SR,1
3407b1640dc62a9e,baesystems.com,RB,50
8659fd40ee4cb60b,baesystems.com,RB,8
3fea29b07d2260fb,baesystems.com,RB,2
8b7a85185ae3ebe6,baesystems.com,RB,48
c6ef857e3f193b8c,cbght.com,SR,1
a9730304c627f282,cbght.com,SR,1
b0c7bb90bf6674d8,a2rwed.com,RL,5
a3252e54d5c3f385,a2rwed.com,RL,6
a0e6d9b7f1d7d11f,a2rwed.com,RL,4
89f0d6f85a7dc755,a2rwed.com,RL,2
00d09f7e65837e4f,2sbgc.com,SR,1
325cc708bb54cb20,aoax.com,SR,3
f78a1e88ca43812f,aoax.com,SR,3
79650a6deed2b1c4,aoax.com,SR,3
20417985c2864700,aoax.com,SR,3
5b31985a1e15d2e1,09425.com,RB,1
35a366d047488e46,09425.com,RB,4
6113628132365f70,09425.com,RB,2
cebb71cbdd549e6f,citibank.com,SR,1
958935772195495b,citibank.com,SR,2
aefb925f19fecaf2,bretllc.com,RL,5
1efd743c9069e32c,bretllc.com,RL,6
2ffdbcd975770dda,bretllc.com,RL,4
9b06a78f3d41c0fd,bretllc.com,RL,2
8415e60b718cb8aa,bio.br,SR,1
03b691ddd2249dbc,bio.br,SR,1
7f9fd3c6e2f197a8,bio.br,SR,1
d744ee727447dd4d,bio.br,SR,1
add4ec1beb6e52c0,bio.br,SR,1
f0adfbcffc9febec,bio.br,SR,1
5c083989865408c5,bio.br,SR,1
0de469c13269e569,bio.br,SR,1
bcad4fbdce9623b1,bio.br,SR,1
427d20371f6ed81b,bio.br,SR,1
c532199d7ad7d5ea,bio.br,SR,1
7f6bb3172e6fec3e,bio.br,SR,1
c28e703d4904c8f4,bio.br,SR,1
fe99a7d9e553759e,bio.br,SR,1
8e92c27123b49c8b,bio.br,SR,1
a7da1e2b86c49ff0,bio.br,SR,1
5e5e359d00d77ef4,bio.br,SR,1
9c5f988bfb554256,bio.br,SR,1
171ec12d2a1d56eb,bio.br,SR,1
38cd2898e7d500c1,bio.br,SR,1
710456d34b63f8ec,bio.br,SR,1
f3ce5f82a39e9350,bio.br,SR,1
d5f34539a8166af8,bio.br,SR,1
3dd48f57f5817159,bio.br,SR,1
d0bb56e9a59fc0bb,bio.br,SR,1
38fc8c8246810c5d,bio.br,SR,1
11efdf87ed34056c,bio.br,SR,1
02b4e00b9f158418,bio.br,SR,1
af1937eda0bcf75e,bio.br,SR,1
cdbfad6d44ee2373,bio.br,SR,1
749fb0323e22c728,bio.br,SR,1
19350f36e36ed541,bio.br,SR,1
6404f813de4e624a,bio.br,SR,1
3f6959eddb1733f5,bio.br,SR,1
1b18ebb675c0991a,bio.br,SR,1
170d9529502cd391,bio.br,SR,1
ee759f9f1ab54df8,bio.br,SR,1
cc41f434bf45265a,bio.br,SR,1
b79681a0f2e99b14,bio.br,SR,1
8395cc967ed4b76b,bio.br,SR,1
48be7c94c9a7d265,bio.br,SR,1
188643257f0f023e,bio.br,SR,1
cabc6117b0d8a99d,bio.br,SR,1
b9385b3c2f62ab4b,bio.br,SR,1
a8308918a4d6490b,bio.br,SR,1
9212fbde528fa81c,bio.br,SR,1
fe7baacdbaea54aa,bio.br,SR,1
9ea6aef9f3925ff8,bio.br,SR,1
8a5480e242b30174,bio.br,SR,1
690f86211fa7e68b,bio.br,SR,1
a2ccea96488551bd,bio.br,SR,1
59b469328805e4da,bio.br,SR,1
24edf8e26fe7be28,bio.br,SR,1
e21a6fee2e1ab43f,bio.br,SR,1
679ba834ffdc54e6,bio.br,SR,1
66f1dd77143900c7,bio.br,SR,1
0ee97e8bf132147f,bio.br,SR,1
f80ffd7d40bd40b4,bio.br,SR,1
9f136f9d005b6c20,bio.br,SR,2
b5b3c905c8f48657,bio.br,SR,2
d8baa5e7dcba08ed,cbgd.net,SR,1
7c0905dae16345a9,cbgd.net,SR,1
6c9cacb8e116acee,cikl.com,SR,3
cc32f6ef93ccaa2c,cikl.com,SR,3
d1143bccc9f3dfab,cikl.com,SR,3
bb5637010cbb5c05,cikl.com,SR,3
e84cb40fe38b6f2f,baldheaddesign.com,SR,1
a0c8cd795f02e62e,celebratelifegifts.com,RL,6
26dba3c55abd9a16,celebratelifegifts.com,RL,8
83d4125a151763a9,celebratelifegifts.com,RL,5
9b00cb1aaa174aca,celebratelifegifts.com,RL,3
807ab51a5cce846b,clerk.net,SR,3
0e845d1d122aa27a,clerk.net,SR,3
01aff62b67080f1c,clerk.net,SR,3
3439d99703739839,clerk.net,SR,3
70e8308c4d890193,colostate.edu,RB,2
34f0461b40206629,colostate.edu,RB,1
0dfafb683c5e8f82,colostate.edu,RB,2
cbd2c1553e946db0,colostate.edu,RB,1
342a9d318078c2f2,colostate.edu,RB,4
84d227bd0ef9b9de,colostate.edu,RB,2
490792bdd9e9c1a8,colostate.edu,RB,6
2a88b5bcadbbe34b,colostate.edu,RB,2
e2d46cbf3e7285b3,colostate.edu,RB,2
601175ce9b20defa,colostate.edu,RB,2
72ece62cc3c49fe7,colostate.edu,RB,2
a1c70af61f47e84d,colostate.edu,RB,2
c2fba9a989d4f0f4,colostate.edu,RB,1
87903d8d1982a587,colostate.edu,RB,1
4615df2e9b1f884d,colostate.edu,RB,1
96ea5ef2e8fd5536,colostate.edu,RB,1
929881c3402b869e,carrentalbookers.com,MG,1
e30d621569e574db,carrentalbookers.com,MG,1
46bedb01c85781aa,carrentalbookers.com,MG,2
b32db9946846a517,carrentalbookers.com,MG,2
020b2a76999543bc,atrila.net,RB,1
73fa326608bc1013,atrila.net,RB,1
700c15ad2a0e2df6,atrila.net,RB,2
7a4ffa65d5d7dab5,atrila.net,RB,1
625c70f27e8c3926,affordable-home-purification.com,RL,6
641890d2d55b518e,affordable-home-purification.com,RL,8
9c890f9a354761bb,affordable-home-purification.com,RL,5
5d50edfbee93a67b,affordable-home-purification.com,RL,3
de9c38468069f250,ameliadns.com,SR,1
c15dac54fb9af8ec,cdnetworks.net,SR,19
4b6772e6082484a5,cdnetworks.net,SR,1
48a44c3fb59a6bde,cdnetworks.net,SR,21
51e397d8e4879f25,cdnetworks.net,SR,2
9966ef42f6f24054,ablesky.com,RB,9
93df328a6441cd7e,ablesky.com,RB,4
f5a30c16989225d4,ablesky.com,RB,2
4a1efa0f4aebe050,ablesky.com,RB,1
b3b12c7171a91a44,bvki.com,SR,3
9b759f402d26591c,bvki.com,SR,3
3264bb19816b8c07,bvki.com,SR,3
53e1e48bb9b53adc,bvki.com,SR,3
b81d364504a9885e,autodealercolorado.com,RL,10
86cf4d59de4b4b26,autodealercolorado.com,RL,7
c5593ee966506431,autodealercolorado.com,RL,4
a9c1c2082409746d,autodealercolorado.com,RL,6
f96bcd15d6cb51bd,cho88.com,SR,1
a1ee88f0df53ec42,cb2architects.com,SR,1
a5cb1b57cb52a295,championproduce.com,SR,1
08fbc13b7b90c73d,cbmcinc.com,SR,1
b32476b99aab5ef2,9quer.com,SR,1
19acdc0d73a99a13,carolinas.org,SR,1
39cd0166c753ef05,carolinas.org,SR,1
d099aa3e1c7acae9,56mcc.com,SR,1
46b43bae89b96807,abisar.com,RL,5
0ac5fe57ca7dcd8f,abisar.com,RL,6
c7af6d5f838611d9,abisar.com,RL,4
889582209b7768fb,abisar.com,RL,2
3b32f591be2a2b6c,cardonrehab.com,SR,1
30a7a18018a21b2e,chnny.com,SR,1
971705e9f6ea8a36,churaumi.me,SR,1
1bf8a5afd9098b81,churaumi.me,SR,2
9559358bdb851392,awyx.com,SR,3
66cefc7427e06ebe,awyx.com,SR,3
bcf5992eaad154c6,awyx.com,SR,3
5b5ed99bbc9cdc26,awyx.com,SR,3
0b8252eb1f743133,co.gy,SR,1
9a16ab7c7dcd1c20,co.gy,SR,1
a113a802423ede71,co.gy,SR,3
05aa01a09fa6299d,broadviewnetworks.com,SR,1
9ff13207871c7088,as2116.net,SR,1
694c60c784d0b86d,as2116.net,SR,2
b269da429bde18ca,ac-creteil.fr,RB,1
b122dae6ea9b3c90,ac-creteil.fr,RB,1
712f9b1beb7107f2,ac-creteil.fr,RB,2
62e4152ffbb9f661,ac-creteil.fr,RB,1
204d6c09f8ffebd9,ato.br,SR,2
f6d3f0c281b6b772,ato.br,SR,1
5e5688ab4e042ce9,ato.br,SR,1
4568a1cd0a3e6c2e,ato.br,SR,1
f596499a34b32e7e,ato.br,SR,1
ef84767d5b453bcb,ato.br,SR,1
d461bb7ae8564ddb,ato.br,SR,1
9c3269892dd49654,ato.br,SR,5
dfd2238dbac28388,ato.br,SR,5
110d14db49b6956b,ato.br,SR,5
1384c818ef04570b,ato.br,SR,5
f1d6987e67054c14,ato.br,SR,5
5ae515e543c44930,ato.br,SR,5
3ac1caffaddec8e2,ato.br,SR,1
e2e4a9be26de08ab,ato.br,SR,1
a155ea8efd3be30e,ato.br,SR,4
df0e72544f261fa8,adahes.com,RL,5
3376015d485ecf98,adahes.com,RL,6
8ebdaedeede9ff99,adahes.com,RL,4
71ed1b7293b100b5,adahes.com,RL,2
6842dbb2033147e2,attachmate.com,RB,1
2141e00d9107af6e,attachmate.com,RB,1
b23a02a4ecb2389f,attachmate.com,RB,2
c8782656a652fb2e,attachmate.com,RB,1
41f42113be0c5f15,21logos.com,SR,1
0a053972b0390982,21logos.com,SR,1
a2f51fc7b8852fa8,21logos.com,SR,1
7647ab2ce5aa81e2,4otaku.ru,SR,1
80409a328ebaf17b,4otaku.ru,SR,1
d8416eb628f37bd1,bell-labs.com,RB,2
75ddf7883d234fa1,bell-labs.com,RB,4
3879b7baa1199b50,bell-labs.com,RB,2
9881f7de832b958f,bell-labs.com,RB,1
67b0b412cd4378ff,cit.ie,SR,1
