target,expected_witnesses,observed_witnesses,exact
missing-1.grouping.example.,1,1,True
missing-10.grouping.example.,1,1,True
missing-100.grouping.example.,4,4,True
missing-101.grouping.example.,4,4,True
missing-102.grouping.example.,4,4,True
missing-103.grouping.example.,4,4,True
missing-104.grouping.example.,4,4,True
missing-105.grouping.example.,4,4,True
missing-106.grouping.example.,4,4,True
missing-107.grouping.example.,4,4,True
missing-108.grouping.example.,4,4,True
missing-109.grouping.example.,4,4,True
missing-11.grouping.example.,1,1,True
missing-110.grouping.example.,4,4,True
missing-111.grouping.example.,4,4,True
missing-112.grouping.example.,4,4,True
missing-113.grouping.example.,4,4,True
missing-114.grouping.example.,4,4,True
missing-115.grouping.example.,4,4,True
missing-116.grouping.example.,4,4,True
missing-117.grouping.example.,4,4,True
missing-118.grouping.example.,4,4,True
missing-119.grouping.example.,4,4,True
missing-12.grouping.example.,1,1,True
missing-120.grouping.example.,4,4,True
missing-121.grouping.example.,8,8,True
missing-122.grouping.example.,8,8,True
missing-123.grouping.example.,8,8,True
missing-124.grouping.example.,8,8,True
missing-125.grouping.example.,8,8,True
missing-126.grouping.example.,8,8,True
missing-127.grouping.example.,8,8,True
missing-128.grouping.example.,8,8,True
missing-129.grouping.example.,8,8,True
missing-13.grouping.example.,1,1,True
missing-130.grouping.example.,8,8,True
missing-131.grouping.example.,8,8,True
missing-132.grouping.example.,8,8,True
missing-133.grouping.example.,8,8,True
missing-134.grouping.example.,8,8,True
missing-135.grouping.example.,8,8,True
missing-136.grouping.example.,8,8,True
missing-137.grouping.example.,8,8,True
missing-138.grouping.example.,8,8,True
missing-139.grouping.example.,8,8,True
missing-14.grouping.example.,1,1,True
missing-140.grouping.example.,8,8,True
missing-141.grouping.example.,8,8,True
missing-142.grouping.example.,8,8,True
missing-143.grouping.example.,8,8,True
missing-144.grouping.example.,8,8,True
missing-145.grouping.example.,8,8,True
missing-146.grouping.example.,8,8,True
missing-147.grouping.example.,8,8,True
missing-148.grouping.example.,8,8,True
missing-149.grouping.example.,8,8,True
missing-15.grouping.example.,1,1,True
missing-150.grouping.example.,8,8,True
missing-151.grouping.example.,8,8,True
missing-152.grouping.example.,8,8,True
missing-153.grouping.example.,8,8,True
missing-154.grouping.example.,8,8,True
missing-155.grouping.example.,8,8,True
missing-156.grouping.example.,8,8,True
missing-157.grouping.example.,8,8,True
missing-158.grouping.example.,8,8,True
missing-159.grouping.example.,8,8,True
missing-16.grouping.example.,1,1,True
missing-160.grouping.example.,8,8,True
missing-161.grouping.example.,16,16,True
missing-162.grouping.example.,16,16,True
missing-163.grouping.example.,16,16,True
missing-164.grouping.example.,16,16,True
missing-165.grouping.example.,16,16,True
missing-166.grouping.example.,16,16,True
missing-167.grouping.example.,16,16,True
missing-168.grouping.example.,16,16,True
missing-169.grouping.example.,16,16,True
missing-17.grouping.example.,1,1,True
missing-170.grouping.example.,16,16,True
missing-171.grouping.example.,16,16,True
missing-172.grouping.example.,16,16,True
missing-173.grouping.example.,16,16,True
missing-174.grouping.example.,16,16,True
missing-175.grouping.example.,16,16,True
missing-176.grouping.example.,16,16,True
missing-177.grouping.example.,16,16,True
missing-178.grouping.example.,16,16,True
missing-179.grouping.example.,16,16,True
missing-18.grouping.example.,1,1,True
missing-180.grouping.example.,16,16,True
missing-181.grouping.example.,16,16,True
missing-182.grouping.example.,16,16,True
missing-183.grouping.example.,16,16,True
missing-184.grouping.example.,16,16,True
missing-185.grouping.example.,16,16,True
missing-186.grouping.example.,16,16,True
missing-187.grouping.example.,16,16,True
missing-188.grouping.example.,16,16,True
missing-189.grouping.example.,16,16,True
missing-19.grouping.example.,1,1,True
missing-190.grouping.example.,16,16,True
missing-191.grouping.example.,16,16,True
missing-192.grouping.example.,16,16,True
missing-193.grouping.example.,16,16,True
missing-194.grouping.example.,16,16,True
missing-195.grouping.example.,16,16,True
missing-196.grouping.example.,16,16,True
missing-197.grouping.example.,16,16,True
missing-198.grouping.example.,16,16,True
missing-199.grouping.example.,16,16,True
missing-2.grouping.example.,1,1,True
missing-20.grouping.example.,1,1,True
missing-200.grouping.example.,16,16,True
missing-21.grouping.example.,1,1,True
missing-22.grouping.example.,1,1,True
missing-23.grouping.example.,1,1,True
missing-24.grouping.example.,1,1,True
missing-25.grouping.example.,1,1,True
missing-26.grouping.example.,1,1,True
missing-27.grouping.example.,1,1,True
missing-28.grouping.example.,1,1,True
missing-29.grouping.example.,1,1,True
missing-3.grouping.example.,1,1,True
missing-30.grouping.example.,1,1,True
missing-31.grouping.example.,1,1,True
missing-32.grouping.example.,1,1,True
missing-33.grouping.example.,1,1,True
missing-34.grouping.example.,1,1,True
missing-35.grouping.example.,1,1,True
missing-36.grouping.example.,1,1,True
missing-37.grouping.example.,1,1,True
missing-38.grouping.example.,1,1,True
missing-39.grouping.example.,1,1,True
missing-4.grouping.example.,1,1,True
missing-40.grouping.example.,1,1,True
missing-41.grouping.example.,2,2,True
missing-42.grouping.example.,2,2,True
missing-43.grouping.example.,2,2,True
missing-44.grouping.example.,2,2,True
missing-45.grouping.example.,2,2,True
missing-46.grouping.example.,2,2,True
missing-47.grouping.example.,2,2,True
missing-48.grouping.example.,2,2,True
missing-49.grouping.example.,2,2,True
missing-5.grouping.example.,1,1,True
missing-50.grouping.example.,2,2,True
missing-51.grouping.example.,2,2,True
missing-52.grouping.example.,2,2,True
missing-53.grouping.example.,2,2,True
missing-54.grouping.example.,2,2,True
missing-55.grouping.example.,2,2,True
missing-56.grouping.example.,2,2,True
missing-57.grouping.example.,2,2,True
missing-58.grouping.example.,2,2,True
missing-59.grouping.example.,2,2,True
missing-6.grouping.example.,1,1,True
missing-60.grouping.example.,2,2,True
missing-61.grouping.example.,2,2,True
missing-62.grouping.example.,2,2,True
missing-63.grouping.example.,2,2,True
missing-64.grouping.example.,2,2,True
missing-65.grouping.example.,2,2,True
missing-66.grouping.example.,2,2,True
missing-67.grouping.example.,2,2,True
missing-68.grouping.example.,2,2,True
missing-69.grouping.example.,2,2,True
missing-7.grouping.example.,1,1,True
missing-70.grouping.example.,2,2,True
missing-71.grouping.example.,2,2,True
missing-72.grouping.example.,2,2,True
missing-73.grouping.example.,2,2,True
missing-74.grouping.example.,2,2,True
missing-75.grouping.example.,2,2,True
missing-76.grouping.example.,2,2,True
missing-77.grouping.example.,2,2,True
missing-78.grouping.example.,2,2,True
missing-79.grouping.example.,2,2,True
missing-8.grouping.example.,1,1,True
missing-80.grouping.example.,2,2,True
missing-81.grouping.example.,4,4,True
missing-82.grouping.example.,4,4,True
missing-83.grouping.example.,4,4,True
missing-84.grouping.example.,4,4,True
missing-85.grouping.example.,4,4,True
missing-86.grouping.example.,4,4,True
missing-87.grouping.example.,4,4,True
missing-88.grouping.example.,4,4,True
missing-89.grouping.example.,4,4,True
missing-9.grouping.example.,1,1,True
missing-90.grouping.example.,4,4,True
missing-91.grouping.example.,4,4,True
missing-92.grouping.example.,4,4,True
missing-93.grouping.example.,4,4,True
missing-94.grouping.example.,4,4,True
missing-95.grouping.example.,4,4,True
missing-96.grouping.example.,4,4,True
missing-97.grouping.example.,4,4,True
missing-98.grouping.example.,4,4,True
missing-99.grouping.example.,4,4,True
