candidate_id,region,kind,speedup
a96f2a9d4dbc11b2,2uonly.com,SR,3.9821610601427113
23bd22e636cbaf7d,berkeley.edu,RB,2.9221945349398344
181fba7670549331,berkeley.edu,MG,3.591635892052459
047661c1bb2152f8,berkeley.edu,DI,2.997374020599487
dcaae5769a3a2792,berkeley.edu,RB,2.2531378066246304
329abe2af3f801be,berkeley.edu,RB,7.53022352622655
7e60167ead68c648,berkeley.edu,SR,2.320131901682956
3b83363a07523737,berkeley.edu,MG,1.95744343923196
757b418a21d2fffc,berkeley.edu,RB,2.6716611524097007
e389e43e22483077,berkeley.edu,MG,3.926250162582672
0e79690f406d18aa,blogsot.com,SR,15.45361965423112
047fea4b60c819b6,atmosphereproducts.com,RL,1.9172255720369331
d5f921df3344a377,atmosphereproducts.com,RL,2.588117982569851
d978db160743576f,atmosphereproducts.com,RL,2.3100265604249666
e0ac1c4e6e5689d7,atmosphereproducts.com,RL,3.467882585946968
a469323baec2693a,cas.cz,MG,19.07920229672257
63ef28d52698f602,cas.cz,MG,12.651899639298938
e141601e7e8321ee,cas.cz,DI,13.758655226612415
a2b54eda26c641ff,cas.cz,DI,11.345443066155138
64d7f827cad62bc0,cas.cz,MG,10.604812089967192
64997e0d794831d4,cas.cz,MG,6.7290759992015055
ed4a7330e46afc79,cas.cz,MG,19.39120818917358
0afa5cd80e0d6088,cas.cz,MG,29.435288824594792
8a3042bf09a99b0e,argeweb.nl,SR,1.337370136794321
1f5fa6822181f5ff,argeweb.nl,SR,3.3521229444643743
015a5dc21610e856,adder.com,SR,4.612563861253025
1cda59c089444c58,caltech.edu,MG,6.87289352428749
775626778343d30a,caltech.edu,MG,10.025307212494026
de05afd056b7e779,caltech.edu,RB,46.80846099582005
47cd278ef5b64201,caltech.edu,RB,73.42928692744128
b288004128605a68,caltech.edu,RB,92.19441482501789
30ef30b6cfa7fa8e,caltech.edu,MG,7.741308537310821
71579a96ceeb4951,caltech.edu,RB,53.12611323902621
42052a7f069b4e47,caltech.edu,MG,9.617070706415753
ab8c40d369257c4a,att.com,SR,43.2663406962288
75e7b79451b1f583,att.com,SR,13.285352581596907
caacec25fa6ad8fc,architectsforumllc.com,SR,3.65555312636642
ae79b79e6f50aaf1,040services.com,MG,3.858751257967125
1d668bc565fbd6a7,040services.com,MG,32.615387521486994
fb438ac00558d770,040services.com,MG,3.8493723054716735
c00dbf66c4510cb9,040services.com,MG,4.6732896528250505
b751f60981f4e2c1,aezm.com,SR,3.886892083777068
48054a741e6bfb9c,aezm.com,SR,4.266420371426445
13826f1ef3cadf33,aezm.com,SR,4.984884902247441
d0d9c0450daacc79,aezm.com,SR,4.807363889351378
bac717c2656bf047,cknk.com,SR,3.743057905009759
f76758fd2f4ef58e,cknk.com,SR,4.478126752664049
ccb35368d000b04c,cknk.com,SR,4.794829358810402
823b97fd0e431b87,cknk.com,SR,4.26862435057601
e9b93a45fd0d394c,co.de,SR,21.415855774027115
31458b5349c59a84,co.de,SR,33.27094025459239
88ff242a880e385d,cbx.fr,SR,4.836576449083084
ff799e32fa0d39ab,bsnet.se,RB,11.085825520419514
1f400a196579d050,bsnet.se,RB,7.469519239776429
5ad32351469d22d2,bsnet.se,RB,41.50449834271584
1636f7c7625f9323,bsnet.se,RB,13.733409507227451
aa2a12547dfb17ee,arcelor.com,SR,7.502624097966324
dabfa78fb6f96c27,arcelor.com,SR,8.371402520625303
d194c401230756db,co.ls,SR,7.518200167623527
4688d56ee0093666,co.ls,SR,3.714481775290439
d48985d5837b2b42,co.ls,SR,9.603712511933477
a92a0f7e2fcdfda9,co.ls,SR,6.112504124951252
6409005c99b9f4fd,co.ls,SR,8.597579474786743
1371b20423dbe89b,co.ls,SR,7.415058023403239
372608df3a69bd95,co.ls,SR,11.888290565415682
4f01e8b910843aab,co.ls,SR,6.405381975402797
3a7229cf49e645d4,co.ls,SR,11.680984472643946
ff8788719c57b662,co.ls,SR,6.909575585521646
753381c1ce0932de,co.ls,SR,13.234551918459942
54269006a3a6836b,co.ls,SR,7.971316832122418
375ba9a170e1697c,co.ls,SR,12.842448411049078
6390d1510ffc1e09,co.ls,SR,4.70964273661857
d225c3b0ba055674,co.ls,SR,6.229787404068418
7b00d71c15943f4d,co.ls,SR,5.90351589510388
87aaabda2da81e8a,co.ls,SR,5.615101567034242
61d743dac2d8d8a0,co.ls,SR,6.715545453713953
63b96771dd3be055,co.ls,SR,5.719018980415047
0cde580c40523381,co.ls,SR,6.988120338375608
fa7fddf7163caa97,co.ls,SR,14.362718298089314
cc63a5610315588b,co.ls,SR,4.422314314696168
75bcb7a55d0f5260,co.ls,SR,3.662980542445625
75897a71b33eb882,co.ls,SR,7.025540019007784
773f7f38ace2b023,co.ls,SR,14.78691805932749
5190e992458fee13,co.ls,SR,3.5994404750456424
5e609ce216f3645e,co.ls,SR,6.737412977100302
02c800e64344e1f2,co.ls,SR,8.686230479069703
af20b65bbdc25018,co.ls,SR,1.1463708241674355
dd830e7a5e3359ce,co.ls,SR,3.3216348619109977
3c7b9e99af8ce8b8,co.ls,SR,8.314835230974705
edf339b85e9faa39,asgr.com,MG,5.358962838154077
b180c2607ecdbbb3,asgr.com,MG,5.266906928552123
ad37f191b07ca977,asgr.com,MG,4.178843214544284
55af70681c1ba18b,asgr.com,MG,8.841814018572702
aa0fd8ab56316ca0,bzsc.com,SR,1.3405288362056222
f93b5ab5b3c02e8c,bzsc.com,SR,4.517797733696876
1190ac2cf394f927,bzsc.com,SR,5.057391856264036
c6977f43622938ec,bzsc.com,SR,2.430794243391341
5ae7daa5cd7eef82,a-def.com,SR,4.3130012223116605
c74dd8409e15a5c5,a-def.com,SR,5.227045224334148
db88dd61585c4bf8,a-def.com,SR,2.3136941782932703
c71db09b2df2b437,a-def.com,SR,4.644714128785897
eda38f63dd66a7b1,bristolvaschools.org,MG,8.208475489315855
e27c89ad856d8889,bristolvaschools.org,MG,6.264095581129757
a40b547dd50dca99,bristolvaschools.org,MG,3.531240727226068
092ec3bfc8a0cfdc,bristolvaschools.org,MG,6.654035148572089
e4401620b65cd6c6,bristolvaschools.org,MG,3.0140853848550946
ed5025cbe1d61f36,bristolvaschools.org,MG,3.5240869985975904
0d060044f6320d83,bristolvaschools.org,MG,3.462578556465435
ce0ddb331fae6bcd,bristolvaschools.org,MG,3.1802076478759966
d2101c0101a73b65,bissenes.ru,SR,5.157591554802554
a99cc14abfaaaea6,bissenes.ru,SR,3.749783653526115
267b05f3ec86c27f,act.au,SR,4.772365126337354
e6734c116e474f49,alloneword.tv,SR,5.098564376099416
5d29fb884318e6f0,borken.de,MG,8.592533469740534
599677f5b8893da5,borken.de,MG,7.519461518341724
51044e0861bed054,borken.de,MG,6.962201641442662
49ee87161c10a0ac,borken.de,MG,7.328558543510941
027b442a1741ce4a,akul.org,SR,3.7342934782608697
88fda03769897ade,akul.org,SR,4.272963126517995
7b200fce89753721,akul.org,SR,3.9597713843945006
2fbc038ff4f69de4,akul.org,SR,2.755818531805057
d3fdb65c49a4352c,buymyscripts.net,SR,5.007299834915394
7d4d20f236ad86cf,buymyscripts.net,SR,4.994888178913738
c8b39489afc7ea78,3raq4all.com,SR,7.43722304283604
bd2e3765d45fd09c,939j.com,SR,4.820284078327165
0025f1216139c51a,aaclasslondonescorts.com,RL,2.0692991490053663
226439dfa013b538,aaclasslondonescorts.com,RL,1.9147014130681883
9e028855be6fbb80,aaclasslondonescorts.com,RL,2.082991424112243
ac662e86431ff5aa,aaclasslondonescorts.com,RL,3.210948517003029
c80a974558dcec0a,blogplace.com,SR,4.185342233408108
70fbd1ce9e8218cd,alfasex.com,SR,4.642382458509542
fb9c4a9e8da1d44f,alfasex.com,SR,5.257772337821297
280be2bc8ff53709,alfasex.com,SR,1.900879989422498
3542976ababb9e60,alfasex.com,SR,4.640996107713083
8d2674087fcfc0ae,bokq.com,SR,4.318123379311848
3fd3e2b2b9cd80f1,bokq.com,SR,4.714121726092864
5b29b8ac28db29e9,bokq.com,SR,4.697873069486257
3cabdecf4011f72f,bokq.com,SR,3.9042401976863705
3d588d289e7f6297,carydigital.com,SR,15.661239779562727
d3581f9760eae7f0,1111c.com,SR,6.907162806935877
a5758102ed19b528,1111c.com,SR,3.344858025599529
9be889f24a9d1f07,cephiretech.net,MG,22.09192416118512
84e8d8e6d7df57b7,cephiretech.net,MG,3.990045128749668
8b12b83a50ceeb97,cephiretech.net,MG,1.96094813308627
12f60b5cdf6e17dd,cephiretech.net,MG,5.654366882371838
f0a99b4f3b6776b6,bloomfieldgardendesign.com,RL,1.839978115869487
7c11b26f7c68da16,bloomfieldgardendesign.com,RL,1.053210285962814
ab604a6fee31f643,bloomfieldgardendesign.com,RL,1.981154754832203
91a72d9753718506,bloomfieldgardendesign.com,RL,9.89696368595451
aa588fc41983cca3,bac.com,RB,18.57244247203001
e8b9d1591baf37d6,bac.com,RB,6.156643074126157
12dba62e28d36243,bac.com,RB,17.24678540813411
882312f0dee772ea,bac.com,SR,12.632929264519756
8102e81478c5c47c,bac.com,SR,4.7033445725303205
f52e476d28272a8d,bac.com,RB,5.323501366502781
9c03420b47bbd221,agenciauto.com,SR,5.741085179481105
b0e97046deb00660,2is.us,SR,4.13340526242517
83e581fb446ca7e9,amybanks.com,RL,2.074173404325248
22c13d85a94b6c3b,amybanks.com,RL,2.074113825326636
3c55576b5136c28e,amybanks.com,RL,1.5970873247566293
dc5490052acce63a,amybanks.com,RL,2.701380052853088
09601282b68357a7,amazie.jp,SR,2.880812828310755
e166f08ead8de38d,amazie.jp,SR,4.939953752576283
ef1cb3b9b77c5ce8,codingstaff.com,SR,6.914024806420486
4fca27d18ace384c,co.mu,SR,12.83111798147037
ba100dedc5740fb1,co.mu,SR,11.915275463893837
7825893e0d1d70f9,10-video.com,SR,3.569428135274777
c3eac3a0e1779e25,brunet.bn,MG,2.289923979933008
aec2206b5f7fa234,brunet.bn,MG,7.02594336593273
8d896d7b979ac40b,brunet.bn,SR,8.532139520262977
28bfff9977355889,brunet.bn,MG,2.7511656576741017
6d8c89782111c59a,brunet.bn,MG,3.732847834894468
063a1b7da6c42d13,blacklisted.pl,SR,5.532683970497156
639bcea855c2e09c,avantel.ru,SR,5.639226815719799
3ebf3cf5a7b7d5c9,avantel.ru,SR,2.583405795955795
8213cb46aa0b7eec,8hosting.net,SR,5.316420608617054
9e6dd9e062aa3f0f,avih.com,SR,4.400656642757062
28e5e1e139e9da20,avih.com,SR,4.535775159330073
b4da95a9908c59d7,avih.com,SR,4.1365617875057
6e3b409cf9031743,avih.com,SR,5.623436015204307
4a578f2868788f5d,cgonews.com,SR,4.983833968534943
f93d68ac74099ead,cgonews.com,SR,4.030686620043179
e0646d90c45d0c53,acsalaska.net,RB,5.908306566071562
96d362fb044b0c23,acsalaska.net,RB,5.579627928035901
be42c1ec6b96ddac,acsalaska.net,RB,4.884666492521209
4f0d56978ef11d74,acsalaska.net,RB,10.199805311829936
2851ca2d318f3ad4,acsalaska.net,RB,6.103409771333322
22a5ec581355dcaf,acsalaska.net,RB,5.7730928689883925
95b83f5ac60d7b36,acsalaska.net,RB,8.65660094248939
64b35d2b172269b0,acsalaska.net,RB,8.985379982529539
8ba0bb08ca22b239,70mb.ru,SR,5.055945758648462
730068d4ea1b77ea,bestwinningoffers.com,SR,3.6124344263814487
5d1563ca26ca52e2,bestwinningoffers.com,SR,2.787013021918213
be2379d515d7b037,com.ai,SR,11.281785560499497
d2fd3db8d24f1aaf,com.ai,SR,8.73551735542797
b6083f6f2f817eb5,com.ai,SR,10.9732309537687
5abd974f4bc8433c,com.ai,SR,9.688639125151882
d9ac937cf014d273,com.ai,SR,9.178107179692628
6e724079abe99a96,com.ai,SR,8.705644397286749
dd1be62cd9e32d47,com.ai,SR,9.831137656642788
16516ffc5c670ba3,com.ai,SR,9.034533610696045
d8165fd2b5c21d51,com.ai,SR,9.708721023323667
bf62c9e4a8909185,com.ai,SR,9.834874167566786
4b2bde85402e373e,com.ai,SR,9.285700593376143
431681668cf1402a,com.ai,SR,9.000125605598422
d68bfeaba78afed0,com.ai,SR,9.422048329766946
b1c4473c11d6952d,com.ai,SR,8.318620376526292
3d926054bd8b3cce,com.ai,SR,10.793285533357848
9202da2615f342a6,com.ai,SR,8.9661697496336
9052e9b0cc3fefe4,cn.com,SR,6.9420842534320935
d70db6fc04fab4b1,cn.com,SR,4.600931528093786
825cd042cb23ed36,cn.com,SR,3.732745698038877
14d0e1c226c58b88,cn.com,SR,7.46007434504314
7f03f4887a2e409b,cn.com,SR,6.600987149422759
1f76c4d789a59715,cn.com,SR,5.997067758787336
90bc00838af9bd1f,cn.com,SR,9.381712837978156
749c9d3b5739bb14,cn.com,SR,5.806335016107083
79309d0038eccc16,cn.com,SR,5.954686380266285
e9b49f456781dea4,brown-pride.com,SR,2.8025162922383613
647f5c39d0fc950e,brown-pride.com,SR,3.6421351141197458
13cbb2a771627456,brown-pride.com,SR,3.5858730510901795
e3e463956fdf9bfd,brown-pride.com,SR,3.56875089134731
d31a23b7a79d3e5a,bellemaison.jp,SR,0.1559130058309306
fbcae501f37bfca6,bellemaison.jp,SR,31.92856175208851
843b701796727c80,bellemaison.jp,SR,5.511423287998091
e88aa4725b56d220,bellemaison.jp,SR,23.289013868473187
5de82ec6c75d1ae8,bellemaison.jp,SR,5.27645906646305
8518f01ad093383e,bellemaison.jp,SR,5.93656235985128
8cc503190e4e9c14,bellemaison.jp,SR,5.954243962329126
c43519ca6e5631d2,bellemaison.jp,SR,7.050645254673716
4abd31f9715ce1bf,berklinefurniturestore.com,RL,2.0781168696014154
bee99b1915991c72,berklinefurniturestore.com,RL,0.0440788763614162
dd575f4b6053449b,berklinefurniturestore.com,RL,2.203521204739232
e386073ff0f85de0,berklinefurniturestore.com,RL,9.528896319722822
e8f4ba35f26b7a4d,atikotek.com,RL,2.034069619521221
8d3b3fc77426d130,atikotek.com,RL,2.091302167342126
ba089f5ab269c8fe,atikotek.com,RL,2.7631174710970976
b73deb11f3e8dec2,atikotek.com,RL,5.486872786941877
97182d5704e3c36d,co.gg,SR,26.003339664680265
ad71f583da35c631,co.gg,SR,12.574465785016754
af11b905d30a83da,co.gg,SR,5.3998680291160746
b90eb89e796bc0d5,co.gg,SR,20.339596845639782
cdba7752c2168115,co.gg,SR,6.022701662576276
85a83c65b259ad53,broadridge.com,MG,10.123410489305597
dcac8d2b562fc5dd,broadridge.com,MG,10.770769451694925
7ac8f586d9d0887a,broadridge.com,MG,7.587065415012431
203f4bd016e301a7,broadridge.com,MG,8.347381277162706
cfd3b83dac4a8447,broadridge.com,MG,6.897294922569016
c242e5af7199d013,broadridge.com,MG,8.302496817146054
c2e4ff42a50f746e,broadridge.com,MG,7.871798980604365
46cbccd4e35b0dbc,broadridge.com,MG,7.310218345828728
fd7c1a7abd7311d9,broadridge.com,MG,6.294153527983362
6a92896db5d181a1,broadridge.com,MG,12.089543972579834
cda1a06b811e1502,broadridge.com,MG,12.24883480872095
0d0a158a9d867278,broadridge.com,MG,0.4099152672949906
bdee1d2ae1ee6f76,co.ca,SR,4.001108890288311
212f03b366a36039,apollogrplegalinfo.com,RL,2.02633361882726
f3c15814d23cfe0b,apollogrplegalinfo.com,RL,2.2740607731313465
d749e188920b2950,apollogrplegalinfo.com,RL,2.6282469433154363
29972894bd064aab,apollogrplegalinfo.com,RL,2.6958264843843964
85551522e1d61d1d,aiwill.com,SR,6.148717095094286
1c6b84838ce04500,aiwill.com,SR,5.5055647038782585
d985bdcb6ca84af1,3bureaucreditreportsplus.com,MG,5.719878042140796
b4a9674e5f549ab3,3bureaucreditreportsplus.com,MG,5.863776570777175
0fdfbfa4f1051ebc,3bureaucreditreportsplus.com,MG,3.832026789635485
d0f5903303975e7a,3bureaucreditreportsplus.com,MG,4.920640145459105
504dee9d2eb82741,3bureaucreditreportsplus.com,MG,1.172112650285514
f5e6f43d2b8ef826,3bureaucreditreportsplus.com,MG,3.701427665304509
da96355ff353de4d,3bureaucreditreportsplus.com,MG,5.640019441519216
822c4fcd518d51cc,3bureaucreditreportsplus.com,MG,6.859774768644529
5ebf4e6c2fea3f0a,bmg68.com,SR,4.31822163052237
4970e9719f415386,cmje.com,SR,4.263514502603568
ebe5b546ee829674,cmje.com,SR,4.968630734001428
bb256a28068ac5fe,cmje.com,SR,4.423271500843171
189353bd23c5c9e0,cmje.com,SR,4.4856203982803775
0d49868f575f844f,ckdw.com,SR,4.074934725848564
5996e7c9c4c46d2e,ckdw.com,SR,4.102739413829253
05c67a5abe79d8d3,ckdw.com,SR,4.150307078978559
5b619055625fecc8,ckdw.com,SR,4.054501896586145
389efbb0cc6b752f,apuj.com,SR,4.16384267591414
120db05a4ba1a1e8,apuj.com,SR,4.010066072457984
74a239cef2b35031,apuj.com,SR,5.739007576698548
5b8aafa8e214787b,apuj.com,SR,5.83415302247401
98575f1694af4e9e,chchz.com,SR,3.341097382973912
5b3813e4cc622eeb,bfcms.com,SR,3.979123299242767
7d6c8c1395ab4277,apvk.com,SR,2.033834929320565
ce4cc84338c45ffd,apvk.com,SR,5.989996469342121
da1fe9485954c7d8,apvk.com,SR,5.5792212499352765
f056979163d00a39,apvk.com,SR,2.8764269556525863
aa125a61a31f5d17,536g.com,RB,2.6541687823702644
389e24d29a005330,536g.com,RB,3.323384576927884
35d5db1d4e4705b1,536g.com,RB,3.7690356899857735
86f3ed1201b579fe,bijc.com,SR,4.976321526473699
d42ca9f9417577be,bijc.com,SR,3.7465714725974624
fbc7a1d4b1026a54,bijc.com,SR,3.492500491234199
c620a2bb5459783b,bijc.com,SR,4.602040600325988
4b76cd11e0ddbf70,bounty-hunter.net,RL,2.091722089858968
0dc856458bf823bd,bounty-hunter.net,RL,1.3905680216559653
957399d731dca65b,bounty-hunter.net,RL,2.5419192644734947
3e5a4e7dbf48334c,bounty-hunter.net,RL,2.9247192952150627
c93f5b9df41c8134,blog123.jp,SR,7.198263596503964
0b61214fb98329e5,blog123.jp,SR,6.851175414251898
28bae50c6905cd50,bmcdn.jp,RB,6.18859462044541
765eb71364f772cf,bmcdn.jp,RB,4.101467914748772
90377d54b6b3a67c,bmcdn.jp,RB,5.109925152856842
d8c2c4e7cb4e1496,bmcdn.jp,RB,5.636117247105637
d0cd8dec4290cc87,car-tips.biz,SR,4.38612282408909
1072fb93cc017fb6,45969.com,RL,0.2181734760967011
5a0437343e0d5b87,45969.com,RL,1.591317325373771
c4b409cb11ef24e5,45969.com,RL,1.4952988813396475
55e0532f79a2acf0,45969.com,RL,2.8545891848922773
03eb8ee28cb325fc,45969.com,RL,1.3150463209455865
0ad409c15da17dd1,45969.com,RL,2.489413453486981
b31ee7104f11e9fc,45969.com,RL,3.5448523494087785
d2703b10af67df5f,45969.com,RL,3.0804577855610096
d78aa792bf66348b,45969.com,RL,2.7690336358782703
45b92aaa7648b2cb,45969.com,RL,4.354480151228733
598d5ad209555324,45969.com,RL,2.913411784941305
5a0d180a8fe23274,45969.com,RL,3.079161212240966
a5436bcac40821cf,aid.pl,SR,6.413347272709834
1623933b86fa4fc4,aid.pl,SR,6.080736141546952
04a874d2616ad3be,aid.pl,SR,5.557385739344988
afca95f1bd0cbe92,aid.pl,SR,5.104319004988724
215213a699869263,aid.pl,SR,5.888250582726541
ef89bf6626e2a908,aid.pl,SR,7.931598636234492
4b1a4c26c85b50e9,aid.pl,SR,6.509428158642867
bdd73c3056aeec6e,aid.pl,SR,6.652948232905786
c5c3937f1ea44d03,aid.pl,SR,7.513747578867689
57b250de8fdb61bc,aid.pl,SR,1.750181623931624
0f5c9ce3480f0bfd,aid.pl,SR,5.950326560597369
e34272561a910808,aid.pl,SR,5.282235034702141
33d19a0023e45bb9,aid.pl,SR,7.027498987832682
5ce1780723987798,aid.pl,SR,6.39479590800916
55a338f299e17638,aid.pl,SR,4.993331409965792
49a651e57be4d096,aid.pl,SR,5.259566391957051
9ea450e61a0e620a,aid.pl,SR,5.061318512914521
657e9f2d1e1b2660,aid.pl,SR,4.775867475384574
92a54b99dc50557c,aid.pl,SR,5.614086183421549
3957a05a0d44c716,adobe.com,MG,13.366143927357088
0917de6f23e0fee3,adobe.com,RB,9.25470333327118
6d9dfe106d3d8780,adobe.com,RB,11.347368121481589
46c0fad7cc1886ed,adobe.com,RB,28.84076010049961
dc2cc68843b16338,adobe.com,RB,20.65632156297542
9591fb01b0df5fc7,adobe.com,RB,14.834545749103034
af817bbf0be1c120,adobe.com,RB,21.41597493874145
7655be873b839edd,adobe.com,RB,18.339381964648258
13813b3b6666c536,adobe.com,RB,17.788168420953237
319b3b9d44212621,adobe.com,RB,5.98034887932445
6961b4f9b3c54c91,adobe.com,RB,12.38807017696346
be0961a618475470,adobe.com,RB,33.54712797599021
f0d027065665b2ad,adobe.com,MG,3.830598020493035
b1737930a8595ef5,adobe.com,RB,8.640786668845207
045687f465911450,adobe.com,RB,9.956593449411637
dbde15c5cfbbf236,adobe.com,RB,8.095607991952017
1c0ef89ea9bd9573,adobe.com,RB,12.179189265837143
afda95b893666a38,adobe.com,RB,7.752643078339848
42456a96352d84b8,adobe.com,RB,23.64999345366127
6f608c292479c33a,adobe.com,RB,7.417029048754544
6dba7f67f3aeeef0,adobe.com,RB,8.032119975939837
ee4c18180cbd3dfd,adobe.com,RB,2.9711770728059776
4e87b5160db5e6b9,adobe.com,RB,6.355935906108391
5f8c0f61c5168b85,adobe.com,RB,7.1088175434517415
ffab56f38d6f1f1a,adobe.com,RB,14.537997922793387
106adb4ba488dfb7,adobe.com,RB,17.402530321543868
1c87f5a7ca5f37ff,adobe.com,RB,7.930360880435998
a0d238f63d9be564,adobe.com,RB,6.750471932897041
32cbb1ec2641f45f,adobe.com,RB,4.334956568841771
abecef4ab71f45d7,adobe.com,RB,8.820935934438253
a3a2ed01780b699b,adobe.com,RB,6.65450587448602
139c5e97802cf418,adobe.com,RB,8.023952646135552
b418d3137ee3c6ba,adobe.com,RB,8.915171545715943
43b70bd44bb322f4,adobe.com,RB,10.205751405199903
2d6307b069452f55,adobe.com,RB,6.413225283173452
834643bfaa5f454c,adobe.com,MG,7.176929629487055
f00e1f5b34b1112d,adobe.com,RB,8.548786750425766
25378356a9bc6329,adobe.com,RB,6.869825306760402
5263c44d711cf5c4,adobe.com,RB,2.9928161364494223
212c084d4a72c382,adobe.com,RB,12.754131226604516
944e01899ef60468,adobe.com,RB,8.415927163766279
cd53eac5b19fc9d9,adobe.com,RB,3.6264479619061287
72ae7a6cf5ff996a,adobe.com,RB,14.844454475862232
85e567fa97f14bbf,adobe.com,RB,10.38683883268756
aca297938f17d5df,adobe.com,RB,7.487020183823077
6ed23ffcdbb7202d,adobe.com,RB,4.606732109346709
1fb6ab08beb29d96,adobe.com,RB,4.708207353267943
c1a230a0c7419a29,adobe.com,MG,11.201981877720645
aae9553595f886b4,baddgrammar.com,SR,3.7409058088290217
a694e29dc75e0bb1,baddgrammar.com,SR,4.762520458265139
ce6cf23ebb3c2743,baddgrammar.com,SR,4.050968760204637
558e2f588c2682c4,ac.ru,MG,13.989742870172238
6b47a27856a0b5fc,ac.ru,RB,59.02466842780792
428f61f0f3de34fe,ac.ru,MG,16.575352035620195
a05b7f4501ce233d,ac.ru,MG,24.28126853461499
f9a354b2f35c7f3a,ac.ru,MG,14.658520410418957
4177133b840f7eb6,ac.ru,MG,20.24678386325956
ac8856628c6f4e17,ac.ru,MG,2.5278631221834638
e0427a869dae016f,ac.ru,RB,93.86841803644758
aaf761d064200204,ac.ru,RB,54.502012777846986
807d408d8d26dc9b,ac.ru,SR,16.456571202766796
9dd576d474daaef2,ac.ru,SR,26.598423036321996
681d84568e9d5d9d,ac.ru,SR,27.439719947578965
d475d71a6e1881c2,ac.ru,MG,18.95495150297693
6e41667b246fbf84,ac.ru,MG,12.70117782522129
ed6ccdc2d733f621,ac.ru,MG,18.578913265327905
772683a080f48160,ac.ru,RB,27.730708108736007
4a08a1c9074464e5,ac.ru,MG,42.55618146233014
a0e435ccef1576ce,ac.ru,MG,23.520168869279104
3d5b5eda0d9d87c5,ac.ru,MG,11.815373018373093
a206f2e50870ea80,4cq.net,SR,4.851503423637988
186e739cc46471ef,bhve.com,SR,4.354993560473013
64f4c51980b80c4b,bhve.com,SR,3.9664421486612818
11abae3fa4b666e4,bhve.com,SR,4.616902253997707
2a74623b58e6d821,bhve.com,SR,5.3040436353593705
d25a2bfc75a50cc3,clvn.com,SR,4.558023465468134
adc4c0cdc237de30,clvn.com,SR,6.49242388593478
53f6532f18d9f043,clvn.com,SR,1.7446963887976048
efeda0b818c51c11,clvn.com,SR,4.259158249936441
1feef828d20bba1e,addition.pt,MG,2.823330822242683
3078a957db95aaca,addition.pt,MG,12.600268615967238
10e705d6b0ed5f7c,addition.pt,MG,3.5601028208076846
d8d2c73427650451,addition.pt,MG,5.5234590847440606
097df6b8338d1605,biz-aceonline.com,SR,4.482571467098167
22cf15b6eb79b0b7,bond-of-hearts.jp,SR,4.895581792033178
b2bcd0b92a9f4957,bond-of-hearts.jp,SR,4.316864107529332
a59958164243e378,catloader.com,SR,4.560804320447415
2ab05939a5635796,catloader.com,SR,4.348702140016977
726c8bac9452239b,catloader.com,SR,4.352702732800285
bb28375c227278bf,catloader.com,SR,4.677071152289286
e7192dc7bfa1d4a9,at99.at,SR,7.904425149074172
ea1de26b325c164c,at99.at,SR,5.768402676752982
0f2a4a5de7a3ff5a,at99.at,SR,5.499841908594424
02cbbd94bcf79973,at99.at,SR,6.944546203301903
cf85ec7d302b0383,bhwjc.com,SR,3.890796663790624
aae01d09309c913d,bhwjc.com,SR,4.141657766702267
7259781edd9357b0,cmskit.jp,MG,5.844026026565977
2e0604e03a6470df,cmskit.jp,MG,7.127087537539922
30bbb6b72d9d5204,cmskit.jp,MG,4.867076836849078
9f7e2c303dbf0cc3,cmskit.jp,MG,7.025015396877151
c5cc405d78524a1a,12dn.com,RB,3.2373036287493893
d5e5fc15df0c9d64,12dn.com,RB,2.798436482084691
c6b0bd24240e21cb,12dn.com,RB,4.541125706430426
5aaf30ca87564d08,bg2.info,MG,5.111153511516799
ca2ec06a0cb6481e,bg2.info,MG,4.923193927365966
c823773cb6a0c3a5,bg2.info,MG,4.44120765832106
822ab65315c9d173,bg2.info,MG,4.799311855829167
ae3c962f7854963d,bg2.info,MG,3.610663675136788
9d75feb112d09a95,bg2.info,MG,2.8627247765693977
d05cb653b1ac5818,bg2.info,MG,6.0472541260496095
7b49e52db7e948fd,bg2.info,MG,6.025582706766917
edfeff3b3b9312c4,cafy.org,SR,1.4148140928073898
b322dfd48fe07b5e,cafy.org,SR,4.342970810010639
aecffd9df2ffc0b4,cafy.org,SR,4.043625480601188
e0fb2ec740a31785,cafy.org,SR,4.781949665956275
93c1e6bdf1b85b0e,3gcz.net,SR,3.150836593690169
525df8e9d5c0fc77,afacereamea.ro,SR,5.71405573230097
d404354b50abe4d8,cimbniaga.com,SR,6.69863531189498
8757f3db24ac7f54,cimbniaga.com,SR,5.434836745987826
1709b405e4e13b19,cimbniaga.com,SR,6.059847418709725
24faa27891ecb544,cimbniaga.com,SR,6.367198940101806
14047b633b7d40b5,articletweet.com,SR,4.159475393028025
30e88fdd5ff33a0c,articletweet.com,SR,3.4785362675546545
c782ae555f11d7ef,bmtechnics.be,SR,7.938790056725375
cad752d08e1d0f02,cbbk.com,SR,4.415253055723381
a52273eda96e3aa3,cbbk.com,SR,3.658941927893101
8552747605e36a65,cbbk.com,SR,6.6231958061002185
7193e0bc26939af0,cbbk.com,SR,3.3619763694951663
8a9b16655114baba,chocolatebycacao.com,RL,3.292016748467959
d407330848d266c1,chocolatebycacao.com,RL,1.865880503144654
daa602d341c55cbe,chocolatebycacao.com,RL,2.971985404446869
da03add96d83b606,chocolatebycacao.com,RL,2.6656230432060117
7d1958db8989ceea,bqjt.com,SR,2.7518131096991865
dea073db7f7f88e3,bqjt.com,SR,11.813779984683416
f726a44ec769bbfa,bqjt.com,SR,5.74067014446228
b2729dcfdd0cca71,bqjt.com,SR,4.645969012296335
ec222b54ff985deb,01cl.com,MG,4.043251960999927
3fc6210244d6961d,01cl.com,MG,3.502006761699519
def83f4d709410da,01cl.com,MG,3.470221855255601
f121a53a891f2475,01cl.com,MG,10.995625793706788
c9f85bbe76cd6734,01cl.com,MG,3.911972938955318
156b1c8fc8f497ff,01cl.com,MG,3.9991440624426815
c77daffd9e3a51bc,01cl.com,MG,3.7855691866486096
9b57f6ead4d598dc,01cl.com,MG,3.7473218397709296
c03d6c0058da9161,01cl.com,MG,3.572523924824167
c2170516614815e7,01cl.com,MG,5.577494293843604
482e2511cf77029d,01cl.com,MG,4.497642884914463
e0ff80b18016c773,01cl.com,MG,4.021720783547284
f4d82bf939e73317,bikinibeachnightclub.com,RL,1.8408600604055805
6c023e5a31388249,bikinibeachnightclub.com,RL,5.884948935218548
47b564b3ad353981,bikinibeachnightclub.com,RL,2.207561371995552
198e657d8d75bab8,bikinibeachnightclub.com,RL,2.7894073862009736
28b90cc6b24bb40b,bwbn.com,SR,4.698500629506696
9efea36632daef4d,bwbn.com,SR,3.694491766042022
79912d5dc11bf709,bwbn.com,SR,4.100209933893157
d5208f47a91d14c0,bwbn.com,SR,127.91130120481928
9e3acde4ebb89045,bcbst.com,SR,91.59487398345068
0af9d5b6f82e808f,bcbst.com,SR,6.4128906098240055
870caba59a8f5aeb,bcbst.com,SR,5.979344262295082
780e6f754f38decb,bcbst.com,SR,5.2080737198296845
8e6e2007f135945b,bcbst.com,SR,7.335842791509827
715a32a3ebfe4f12,bcbst.com,SR,8.00354089870123
82fdf2ec3b148901,bcbst.com,SR,5.6891819503609415
7d044a366aec3532,co.pt,SR,5.577306123589228
edfb7a2a244afe46,520zh.com,SR,4.5115103679856
848eb8dc94219952,co.uz,MG,7.529879891929486
2c5d1bb726e0c0e9,co.uz,MG,8.09672403481959
691938a9eb80e4e0,co.uz,SR,11.218951846838134
826184ab5e48521a,co.uz,MG,5.468938765270086
aaef9f9b06f3ec71,co.uz,MG,7.02273044559796
0268a7d8ebc9c711,bpsurfboards.com,RL,2.5325202110936447
2adcad1c015d767b,bpsurfboards.com,RL,1.752089459835939
3626cfa81fa81c1f,bpsurfboards.com,RL,3.201404299583911
782118ec342af0a7,bpsurfboards.com,RL,3.64297208028682
e2a2602a73ebc76c,bvnp.com,SR,4.18929631199661
26e9444353579a1a,bvnp.com,SR,4.488486160364758
a97518f98eae5f1d,bvnp.com,SR,4.831833029947885
7bda4bb8afb5c889,bvnp.com,SR,6.242529467983435
68bb9408c9d81fb6,bkbw.com,SR,2.182371472770181
3c1bf9fba66ef915,bkbw.com,SR,4.731082045184304
58a4327a35538040,bkbw.com,SR,3.9963890481955855
81511016bdc59b61,bkbw.com,SR,3.17483219071734
b34d0c3e44cebef4,au.edu,RL,13.787349812099722
d1ab4e97d22594b5,au.edu,RL,10.534188410648532
3c0889bcaf1449c9,au.edu,RL,4.03338368330692
5d9c0f80ff1493fa,au.edu,RL,18.155781165794554
ef37f5ddfb89a2c6,cdcfws.com,SR,3.5868900338908336
4de798dd8da47005,ayog.com,SR,4.778028575942938
a47e0993baff16af,ayog.com,SR,4.320785442873663
e4a6a5e428ce0ea0,ayog.com,SR,4.127576207026321
2b2e38e1c088f16a,ayog.com,SR,3.051304081006444
a67aa94edd7f83dc,clubemitsubishi.com,RL,2.146430488459474
76a4fcab8f7c1b0c,clubemitsubishi.com,RL,1.9242633852725597
d56b39612106b9c5,clubemitsubishi.com,RL,2.6807866156067552
1a3def392aa75c66,clubemitsubishi.com,RL,3.0006844324730086
12f3af830c74572a,aha.ru,SR,8.342812673380108
2f3af114b96da1ad,aha.ru,SR,9.2011067154706
32c52340d5518239,aha.ru,SR,7.80341399362221
3828485f13362ae6,ainji.com,SR,1.6406096645690205
e4e0d5aadc888380,baseballcardstore.net,SR,7.560988532717706
96ba268a490427d0,bulldogmania.net,RL,1.6922684488432007
c5318cc146c7aa17,bulldogmania.net,RL,1.7421703510897335
c9252e1e8aea2971,bulldogmania.net,RL,2.1759487585105224
06ff6bb5093fa0ee,bulldogmania.net,RL,2.9343539830402268
6890940cd7dbd0d9,baseball-library.com,SR,5.994297104257794
451a684e02b86288,baseball-library.com,SR,3.918378112252074
21a0d2ea0ac0c51f,baseball-library.com,SR,5.531851424172442
c058803b6ff3ac07,baseball-library.com,SR,4.40569270449521
3a20d29642442560,bestestzone.com,RB,4.00001976206474
48f3a91dfc07e094,bestestzone.com,RB,2.516005584298268
7b7ab95cf4e5f0c0,bestestzone.com,RB,2.534212695795548
e83e9bd75fb4b9a9,atola.com,SR,3.846149490373726
0ef8aafd445631f9,aeroport.fr,SR,27.15869839712399
c7e9c05b73000acd,aeroport.fr,SR,28.94912294298484
8e57d6778afd8476,acm.org,RB,11.063738738738737
343dc3c78f7ab0b8,acm.org,RB,58.85078216203596
fed6f791a9b090e6,acm.org,RB,38.76438257397188
343629191f4a563d,acm.org,RB,11.318765061132169
9845153bafdef2dd,arcoms.com,RL,2.319748019471222
2d0dfdd3131ad0a6,arcoms.com,RL,2.7199846293977
62034cecf327da5a,arcoms.com,RL,2.1939127565102603
567fa0875c63e90a,arcoms.com,RL,2.945280665280665
444084fe8eba356b,astrakhan.ru,SR,6.9625698088109536
259480e96e1dc07e,astrakhan.ru,SR,12.71258757676482
696f1016f2975ed9,astrakhan.ru,SR,22.415771598700648
fd18649701e67b6f,astrakhan.ru,SR,6.429833986432394
1e6ab6e75c49f1b9,astrakhan.ru,SR,1.6181430388532585
8ec88c5481ebd2b2,531518.com,SR,5.698657093471613
b5d8222315b4ce54,adwz.ru,SR,5.1124125918259145
f689e2eac9e46037,bykv.com,SR,5.700824470072482
f5aaf6d86010c23a,bykv.com,SR,4.302197090689343
1762094a6ca9300b,bykv.com,SR,2.2275858728947977
487fc0a7659b3d9c,bykv.com,SR,264.94883614787767
0145a8ff5a669686,axph.com,SR,5.057774971464652
0d5b86dd4799704e,axph.com,SR,4.288434510586208
270cac385dc31345,axph.com,SR,4.037110625427733
1ff14b6b2d69acce,axph.com,SR,3.4370842630963767
cbadcd28878500a8,caoq.com,SR,5.101657601657601
a657d742e64f2004,caoq.com,SR,4.119478741235628
5ff11753cb6b1a5d,caoq.com,SR,7.117900774563601
39239d5c6415d04c,caoq.com,SR,4.303314761927056
e9834176a9e4964e,aggelosnet.com,SR,4.884445069234554
3bde1f4d09366a76,aggelosnet.com,SR,4.336924839688826
c9e5d5eb5d3b93a0,basf.com,SR,12.489799015469831
6f2231764000caec,basf.com,SR,33.88200481096264
b68445aa713e57cf,ajdu.com,SR,5.766811038924982
3527236ef9fbbc70,ajdu.com,SR,4.251735328585594
c8549889dba97d67,ajdu.com,SR,4.042263442122564
434f98fa697b7c16,ajdu.com,SR,4.838038490185243
3469fa7a78b8186c,aol.com,RB,5.068598784653676
eda2608ffdf7d811,aol.com,RB,3.823689218816914
8e1b22cc067354a8,aol.com,RB,3.0635140756325296
57101c52187d8527,aol.com,RB,3.850492637696592
9316a6876478f1ee,aol.com,RB,4.336141081939138
6caf597019c8241b,aol.com,RB,4.0513361363026
b8d0aff87f657442,aol.com,RB,3.6304802026229424
d080791e460a2bdf,aol.com,RB,4.072803244142707
ac69402b774155ef,aol.com,RB,2.0390171236065098
19c407e09a836726,aol.com,RB,3.6464073596279087
514014f854961e13,aol.com,RB,2.2542358008648464
378e82348f2551ad,aol.com,RB,2.74380749046037
7cd4a2679196e88c,aol.com,RB,5.1614789941897525
fd33ed458056a704,aol.com,RB,4.807944648083964
ef4f05066238c262,aol.com,RB,3.239374802554875
f29b1704fa5625eb,aol.com,RB,4.199200431115041
562d99c7cafc5a15,bellsouth.net,SR,8.285749529418657
8230323ce32b3821,bellsouth.net,SR,8.263603214299891
b56ec0a37fe8811b,auf.org,RL,24.679612981868047
51b01975a41e56df,auf.org,RL,75.03928614750122
d539fc6d5ed8c508,cfsk.com,SR,4.351718285956724
b6cd9a4ec587f689,cfsk.com,SR,4.681776388378081
6439b479a1e89497,cfsk.com,SR,0.9068378045020042
c7c007788e390c62,cfsk.com,SR,3.823965677796994
1e6c999d6a6b4069,base-t.com,SR,7.210213233275373
a9de20107d579061,base-t.com,SR,10.119483946635391
f32fc4f635bc73b2,americanautoassurance.com,RL,2.2464658407443583
2dc2aa220a1165c9,americanautoassurance.com,RL,1.9189186108799965
a714fb126b9b2c9a,americanautoassurance.com,RL,6.625978222690552
f0ef6db6b853fd72,americanautoassurance.com,RL,3.5626752315718497
0bdaf38c1188a5fe,baidu.com,RB,35.59304832453244
4d6e5e80977144f2,baidu.com,RB,8.824390388432937
3570aa60cb38a323,baidu.com,RB,10.148482320345252
06bf987493a02f76,baidu.com,RB,10.330107344313015
0175eb35423c7960,5-vip.com,SR,4.225589135933963
f5f9644fa6eb9c7b,citrix.com,RB,7.8436966201221745
c30365350e29d271,citrix.com,RB,8.439616030717545
177e5e90805d1723,citrix.com,RB,7.151032105795527
27ebf19bd925cc54,citrix.com,RB,7.005798797968795
c2238cf5bff8b9d8,cm4allbusiness.de,SR,12.8006399689712
62fdbaaad1afa7e2,advancedmarketingsolutionsfl.com,RL,2.416508727657302
75895c07c08657bd,advancedmarketingsolutionsfl.com,RL,2.4122777800907613
9c0dfac80ff0efd6,advancedmarketingsolutionsfl.com,RL,3.8056264652253184
6445ecb88584e4a0,advancedmarketingsolutionsfl.com,RL,4.037391185806929
2fc3aa5c4f69f88b,advisortlc.com,RL,1.7095659453513614
10959d9883009a93,advisortlc.com,RL,2.2369397120764445
4590e49b0a04c8fc,advisortlc.com,RL,2.511040208263885
512ed08aa12faea9,advisortlc.com,RL,1.3685820331294247
29b2e20e24738962,callshopcompany.com,SR,5.287767334150661
2c8976f081141c8e,alleydog.com,MG,3.8501966691773375
6c3509b4e3c1b855,alleydog.com,MG,4.118490044069868
dc3e34bcea5aef7b,alleydog.com,MG,4.841816390674111
12b65298cf094ddc,alleydog.com,MG,5.529941043394802
ff8a64096b928280,alleydog.com,MG,3.5169556821748933
06ee8b0b45279c97,alleydog.com,MG,1.944344815271988
6eff1b659651f8be,alleydog.com,MG,4.820483373328762
fb160f7c64401ceb,alleydog.com,MG,6.028683086869467
5741afd07a8a3bfd,027w.cn,SR,3.048521389606661
2b45b2a4559ab179,choiceusedcar.com,RL,2.093329520484031
9a1943ff536246d3,choiceusedcar.com,RL,1.561313247722533
b3ba25151b0bffe1,choiceusedcar.com,RL,2.2230531675152325
e5ecb340f76751b4,choiceusedcar.com,RL,0.9906761594465228
2547d13cb772ccd3,cdjn.net,SR,3.559826845105631
3886a8bb5745bf2a,accordloans.com,RL,2.499831901952993
4326b407478fc056,accordloans.com,RL,1.917817679558011
9298d54cc64c40c6,accordloans.com,RL,3.830675158311106
32163a3cf99f8462,accordloans.com,RL,2.7547218796650865
70e8c11e71b18e20,biz.kg,SR,4.064482377208454
d2cf5d5dac18cbd3,brra.com,MG,3.501414383349508
ea964ca178bea0a7,brra.com,MG,5.37918215613383
1e760705fe8119f6,brra.com,MG,2.775334923839236
5b721aea9be1e2df,brra.com,MG,4.452158218516447
3d6aa8925a467376,cibcmellon.com,SR,5.936578009322731
25a024ae93042ede,cibcmellon.com,SR,7.393911409737924
2e4a365e530150e9,cibcmellon.com,SR,6.598540145985401
ddf0d794600e6a96,cibcmellon.com,SR,8.045186036017556
e05f3f7e05ffcc5b,cibcmellon.com,SR,6.888597021973643
9291da1d01e2371b,cibcmellon.com,SR,4.439132995303007
6bf9c057aab08ac3,cibcmellon.com,SR,6.635333483297717
01a7f0f8a1eeb765,cibcmellon.com,SR,6.174576271186441
cd0fe97465c8f187,cibcmellon.com,SR,5.649045289569197
498842622cf5fba4,cibcmellon.com,SR,6.355424306617471
77e3e3b3b4b13734,cibcmellon.com,SR,5.989290865909985
cbb4760273c8e2d9,cibcmellon.com,SR,6.721348050728041
d1742ccce21fe854,cibcmellon.com,SR,6.277416363034116
3db17f6ef3bc9d97,cibcmellon.com,SR,7.475486956795367
f92fb390bd3d49be,cibcmellon.com,SR,5.751983919504572
6f9a602ae8eb1f8f,aefv.com,SR,4.771621519845354
1511c08d3db0afd1,aefv.com,SR,4.955972636379582
aaf27e676d85f257,aefv.com,SR,4.416490583371612
a5027e5f7204884a,aefv.com,SR,4.40901193870278
6c7026f3fb202ab1,516dj.com,SR,3.372949672507417
f88141dec41cd469,awzi.com,SR,4.658460429926745
47553b62ab1eacc5,awzi.com,SR,4.342375219742318
f3fbf6b40b9fe1aa,awzi.com,SR,4.846518734748797
2edee06803d1f988,awzi.com,SR,3.649937237588192
fd236206bd03dc1e,51un.net,SR,3.628102762837003
2af26c8400649e21,beijingvirginpark.com,RL,1.823869142722439
ccc9847d60c394ad,beijingvirginpark.com,RL,0.392863766924492
923f2b9e43a0d74c,beijingvirginpark.com,RL,1.998895651950587
679d75f749c655f3,beijingvirginpark.com,RL,2.550560665601474
13654672087d69d0,beijingvirginpark.com,RL,2.2176108129596503
90db1e13dd92b0cf,beijingvirginpark.com,RL,2.132012063765618
6015f52efa997b42,beijingvirginpark.com,RL,2.136193374692731
3de4f96d70114ffc,beijingvirginpark.com,RL,2.301722188115932
b99420a348bde2bd,beijingvirginpark.com,RL,3.1715894365253137
b50dd9eb6618aeb6,beijingvirginpark.com,RL,4.495059791366296
4b4fbe8d2fa604a7,asia.com,SR,11.374531224523071
d075fdda3ec222a5,asia.com,SR,7.728207839120715
1889459531783a91,bcez.com,SR,2.177120328435046
4bd65eb24868d72c,bcez.com,SR,4.372965892488287
ae2171a060c46edc,bcez.com,SR,4.510896210502643
0b126ac9842b6c0c,bcez.com,SR,4.8016967126193
eb3af3be3b9482d9,bingchuang.com,SR,0.5029374248332665
54c032e2f503d92b,a2ztechsource.com,RL,1.507869238750066
e63fb80b19388060,a2ztechsource.com,RL,2.2254308786308306
1dc58a895a180838,a2ztechsource.com,RL,3.059330001484487
e8260cdc071cf3c4,a2ztechsource.com,RL,2.748030114244598
3e65423952a2d58e,bneq.com,SR,4.107470369409118
d2c4ff9346fabe95,bneq.com,SR,4.579235947042303
3bc1b8e4f244fdaa,bneq.com,SR,3.4307707203718047
9bfd68d6c3c36630,bneq.com,SR,4.599760473525415
5c6a4f55e1e1a35b,brainst.net,SR,6.938000557141863
76c4c3ebe3b45dee,adspage.net,RL,1.7615960416138037
8575ebc3c5bc8cb3,adspage.net,RL,1.837448559670782
03e1c2518c91c6b1,adspage.net,RL,2.6022027497162843
68db271d67fe1ebf,adspage.net,RL,0.9573283730227586
0864eafe8c08b0c2,bguh.com,SR,13.607282885708685
60003b6af2b532b7,bguh.com,SR,4.087295401402962
5da9c1b3f48d6d9b,bguh.com,SR,3.509349771143363
f13878f0cc3a8cc4,bguh.com,SR,1.9754649931952213
87ac09dcc57637c1,anzk.com,SR,4.523873038838903
084fb14b5381c64b,anzk.com,SR,3.682032845473111
b6fe75168438fb2d,anzk.com,SR,5.654944490791246
37f38f192c063c40,anzk.com,SR,5.879836127059232
9f37754f85f08c5d,charliekrackelerpresents.com,RL,1.712757741910572
c8ba962184a2c0f7,charliekrackelerpresents.com,RL,1.8937789501583977
8718ae0ae0f6defb,charliekrackelerpresents.com,RL,2.8562271635870133
387973fc46b16e32,charliekrackelerpresents.com,RL,0.9056251929607902
16a9aa659415b623,aax8.com,RB,2.624367719592822
b90d5d856a4fc68b,aax8.com,RB,2.1096277994739774
d8c5d84e4f87120f,aax8.com,RB,3.1406245154888524
c4f23958b3fc78a0,axui.com,SR,5.177478075698945
323e9d3ef337eb1e,axui.com,SR,4.587799735203256
e586cd4f08fca6f3,axui.com,SR,4.298198974948509
231f67319778cae5,axui.com,SR,28.528654262627203
e9dff2d144477bf5,borninussr.ca,SR,5.849517969933145
abfd4ba0be95f066,adecco.com,SR,8.460791658862458
b02bcb69dcc23966,adecco.com,SR,5.691167281449678
321cf98d846cf337,adecco.com,SR,8.383875387181321
a05a140eee074ccd,accbankonline.ie,MG,4.375104615321807
24759682df5c446d,accbankonline.ie,MG,3.936345607963604
072a4322de5f9766,accbankonline.ie,DI,3.632119121729621
0beb255dd7ed8a91,accbankonline.ie,DI,3.244355043887546
7588f84258a86379,accbankonline.ie,DI,4.080409303675751
680a1c1b519f46ab,accbankonline.ie,DI,4.63205688166582
0fa4673e46af7ed1,accbankonline.ie,MG,3.1755685955368995
6220ec385fbcd98d,accbankonline.ie,MG,3.560060449050086
427023224a389401,accbankonline.ie,MG,4.48784588441331
dea0d79098600536,accbankonline.ie,MG,2.7535710936767424
cfa45e5d4647fa2a,alberta.ca,RB,0.3896860959430123
72a37f731645ff6a,alberta.ca,RB,6.13035621461386
336e41e7225aa9b8,alberta.ca,RB,6.270513837993604
875a8e081b6659c0,alberta.ca,RB,8.679332761166771
76392095fb0071f0,bf188.cn,SR,2.6451663651380475
8aef5d1f9e427bf9,816cf.cn,SR,3.9966552017923065
19bddaf9fa978048,cigj.com,SR,3.2337398017369954
2da844850a40a8cb,cigj.com,SR,4.152820557951245
5969ee5b59503de3,cigj.com,SR,4.539511682856393
c169132befa6bd59,cigj.com,SR,3.625498175105928
4232e9f96baad6c6,c685.com,RB,2.710544554455445
76de2c533bfd75ad,c685.com,RB,2.440960174577196
9ba30f150aa8a0aa,c685.com,RB,2.582085934185808
c551111e860930d8,co.ni,SR,25.9705551678685
cab2df09e32f6305,co.ni,SR,18.96371146186753
24d798b9b1fceea3,co.ni,SR,9.521802264405068
eb4f344bed956e51,8055.net,SR,3.262751368637867
1ace2ae4d82d9323,afjord.no,SR,1.7259062296505316
b21a42bc113f8f51,beachromana.com,RL,1.5317929207007126
288ccd2b3d41d30d,beachromana.com,RL,2.2438057177989545
78f5e73c1cc62f66,beachromana.com,RL,2.2894807598019837
1be51992b2adae81,beachromana.com,RL,2.178933881103948
96d1a86aa383b361,axemia.com,SR,4.301678250550941
9b1d28b574ac55eb,518yb.net,SR,3.4624596505926126
77c44cbd548be4b7,518yb.net,SR,3.3763669577838398
ce2ad684b37cbae1,518yb.net,SR,2.9960943367883432
3ed955df17f3baef,518yb.net,SR,5.237322119802837
2b10a96089201c75,ajvu.com,SR,6.060376346706967
aec3f26379182abb,ajvu.com,SR,4.918491143112017
9a7f2a550a92ce47,ajvu.com,SR,2.1081865390489765
998b079f8d3baaa5,ajvu.com,SR,4.606955898171387
4ca93a5192016362,binghamton.edu,RB,23.59303249465213
5e281231ee4be8d4,binghamton.edu,RB,44.3111371231144
41ce67d4a2021cc2,binghamton.edu,RB,58.88304876687869
afff9066f1fe0bb0,binghamton.edu,RB,28.550803538184415
6db2cf8ab14c3980,avalonsoftware.org,MG,4.956365522806749
c69e4010e0a8f365,avalonsoftware.org,MG,2.440363069068217
7459aacb41c9f43b,avalonsoftware.org,MG,4.543160212572252
db06d56dbeefab21,avalonsoftware.org,MG,3.5350965498306945
4faa480b74f341ca,avalonsoftware.org,MG,2.747080051220365
b0d8836d5a47b91a,avalonsoftware.org,MG,2.457501432664756
153d4817a8d0254d,avalonsoftware.org,MG,3.5180012204217235
388e88536bc909ad,avalonsoftware.org,MG,3.5093824691065048
9d36d5a4abf0bbb2,bmok.com,SR,3.726417731449336
e18a345e5275301c,bmok.com,SR,3.950655301537248
c085e432dbc276a2,bmok.com,SR,5.709556003068662
45c42f52c149664e,bmok.com,SR,3.7845723242274967
19e31963043a592a,avitu.com,SR,3.8230371067491262
50bcd2796c753951,60588.net,SR,3.861519690910322
2db12f9c2fa2bf36,buch-insider.de,SR,4.039144639144639
b8cfb92da92edb76,bcbcd.cn,SR,3.705123819948009
4d5dd8cdec371734,austrheim.no,SR,4.856398884521049
e253154ec5cd12c3,cng.br,SR,6.023072295551859
2c255f30d3d41ac0,cng.br,SR,7.009904903624823
b806562ffe5356d1,cng.br,SR,6.466511004453669
11bc49df26df846d,cng.br,SR,6.866500453309155
080d9bc4fc62b437,avgf.com,SR,4.321151638672195
22937c06931fef4f,avgf.com,SR,0.0631711949638849
1248f1fb17a8ab14,avgf.com,SR,2.3409140302399947
2553c063417b9329,avgf.com,SR,15.03136508715934
464af2fb3e35b364,clickndownloads.com,RB,3.9432379697438105
b8fa6dfdd741de6d,clickndownloads.com,RB,2.1369754694941148
75519a64ebe5af24,clickndownloads.com,RB,4.246467454250637
57f217994257db60,abkhazia.su,SR,4.493209255533198
3407b1640dc62a9e,baesystems.com,RB,6.671237095500668
8659fd40ee4cb60b,baesystems.com,RB,12.484654137487492
3fea29b07d2260fb,baesystems.com,RB,13.244722404302893
8b7a85185ae3ebe6,baesystems.com,RB,21.672489841280868
c6ef857e3f193b8c,cbght.com,SR,4.603463769299894
a9730304c627f282,cbght.com,SR,3.8592921149638864
b0c7bb90bf6674d8,a2rwed.com,RL,3.945665823886945
a3252e54d5c3f385,a2rwed.com,RL,2.6474179378091387
a0e6d9b7f1d7d11f,a2rwed.com,RL,1.9739356213175328
89f0d6f85a7dc755,a2rwed.com,RL,2.449640208612988
00d09f7e65837e4f,2sbgc.com,SR,3.319690265486725
325cc708bb54cb20,aoax.com,SR,2.2786879531511435
f78a1e88ca43812f,aoax.com,SR,5.097292843691148
79650a6deed2b1c4,aoax.com,SR,10.223919748637975
20417985c2864700,aoax.com,SR,3.932806324110672
5b31985a1e15d2e1,09425.com,RB,3.877270830129824
35a366d047488e46,09425.com,RB,2.70862180974478
6113628132365f70,09425.com,RB,3.2548279975497305
cebb71cbdd549e6f,citibank.com,SR,9.125990006303152
958935772195495b,citibank.com,SR,6.210642095962783
aefb925f19fecaf2,bretllc.com,RL,1.8295934562324496
1efd743c9069e32c,bretllc.com,RL,1.520916162489196
2ffdbcd975770dda,bretllc.com,RL,2.516184320936959
9b06a78f3d41c0fd,bretllc.com,RL,2.8570726366825303
8415e60b718cb8aa,bio.br,SR,5.527594624168794
03b691ddd2249dbc,bio.br,SR,7.402843158321992
7f9fd3c6e2f197a8,bio.br,SR,9.405440113751924
d744ee727447dd4d,bio.br,SR,1.6261107379425592
add4ec1beb6e52c0,bio.br,SR,2.353066745191283
f0adfbcffc9febec,bio.br,SR,8.609080758943152
5c083989865408c5,bio.br,SR,5.704974891276664
0de469c13269e569,bio.br,SR,5.296064782050386
bcad4fbdce9623b1,bio.br,SR,6.210761071439853
427d20371f6ed81b,bio.br,SR,7.054644284977594
c532199d7ad7d5ea,bio.br,SR,6.172672316579394
7f6bb3172e6fec3e,bio.br,SR,1.6941141100262054
c28e703d4904c8f4,bio.br,SR,3.589390572542756
fe99a7d9e553759e,bio.br,SR,2.292385612780817
8e92c27123b49c8b,bio.br,SR,5.8709147009285125
a7da1e2b86c49ff0,bio.br,SR,5.24445510875496
5e5e359d00d77ef4,bio.br,SR,5.53679798683833
9c5f988bfb554256,bio.br,SR,14.068933765897995
171ec12d2a1d56eb,bio.br,SR,5.521181122740036
38cd2898e7d500c1,bio.br,SR,4.4187527934564965
710456d34b63f8ec,bio.br,SR,2.984164690753789
f3ce5f82a39e9350,bio.br,SR,9.27267849620731
d5f34539a8166af8,bio.br,SR,5.796090708930612
3dd48f57f5817159,bio.br,SR,5.562752659813196
d0bb56e9a59fc0bb,bio.br,SR,4.908522011212029
38fc8c8246810c5d,bio.br,SR,8.426367393721561
11efdf87ed34056c,bio.br,SR,3.3080977249887225
02b4e00b9f158418,bio.br,SR,4.411035956967101
af1937eda0bcf75e,bio.br,SR,2.0217631423961184
cdbfad6d44ee2373,bio.br,SR,5.159903947055353
749fb0323e22c728,bio.br,SR,3.961130501533377
19350f36e36ed541,bio.br,SR,6.666479864996217
6404f813de4e624a,bio.br,SR,6.852517758910966
3f6959eddb1733f5,bio.br,SR,4.210810289477672
1b18ebb675c0991a,bio.br,SR,4.97951933691659
170d9529502cd391,bio.br,SR,3.59192675937252
ee759f9f1ab54df8,bio.br,SR,5.057248171506769
cc41f434bf45265a,bio.br,SR,5.220241070932622
b79681a0f2e99b14,bio.br,SR,5.305500402263377
8395cc967ed4b76b,bio.br,SR,5.0887682673719
48be7c94c9a7d265,bio.br,SR,4.964239856189009
188643257f0f023e,bio.br,SR,7.2795167891227806
cabc6117b0d8a99d,bio.br,SR,3.734503170829847
b9385b3c2f62ab4b,bio.br,SR,5.337564866884356
a8308918a4d6490b,bio.br,SR,5.504322887857435
9212fbde528fa81c,bio.br,SR,7.944400561051234
fe7baacdbaea54aa,bio.br,SR,3.832352798028408
9ea6aef9f3925ff8,bio.br,SR,3.787188788420364
8a5480e242b30174,bio.br,SR,2.7928352736880173
690f86211fa7e68b,bio.br,SR,5.354231684817602
a2ccea96488551bd,bio.br,SR,5.294123245975539
59b469328805e4da,bio.br,SR,4.023179305641551
24edf8e26fe7be28,bio.br,SR,3.928196648837621
e21a6fee2e1ab43f,bio.br,SR,7.287483718520456
679ba834ffdc54e6,bio.br,SR,5.936892441436889
66f1dd77143900c7,bio.br,SR,5.7009393379475615
0ee97e8bf132147f,bio.br,SR,5.469402982233744
f80ffd7d40bd40b4,bio.br,SR,5.214621281703846
9f136f9d005b6c20,bio.br,SR,5.692919673372652
b5b3c905c8f48657,bio.br,SR,5.176559716999802
d8baa5e7dcba08ed,cbgd.net,SR,3.4516270526633224
7c0905dae16345a9,cbgd.net,SR,4.487401396061518
6c9cacb8e116acee,cikl.com,SR,3.455618733451973
cc32f6ef93ccaa2c,cikl.com,SR,4.431386447405727
d1143bccc9f3dfab,cikl.com,SR,4.1439830694008615
bb5637010cbb5c05,cikl.com,SR,6.71754149842979
e84cb40fe38b6f2f,baldheaddesign.com,SR,6.014424609499521
a0c8cd795f02e62e,celebratelifegifts.com,RL,2.056454127631882
26dba3c55abd9a16,celebratelifegifts.com,RL,3.60609103952002
83d4125a151763a9,celebratelifegifts.com,RL,2.816629326844612
9b00cb1aaa174aca,celebratelifegifts.com,RL,2.6553583065105357
807ab51a5cce846b,clerk.net,SR,2.9542720422173034
0e845d1d122aa27a,clerk.net,SR,4.374488908921155
01aff62b67080f1c,clerk.net,SR,3.949493483498302
3439d99703739839,clerk.net,SR,4.176049925600196
70e8308c4d890193,colostate.edu,RB,35.459997018191565
34f0461b40206629,colostate.edu,RB,37.967216000124246
0dfafb683c5e8f82,colostate.edu,RB,26.234035951793683
cbd2c1553e946db0,colostate.edu,RB,27.21648157441145
342a9d318078c2f2,colostate.edu,RB,4.721542324443268
84d227bd0ef9b9de,colostate.edu,RB,9.647548101026242
490792bdd9e9c1a8,colostate.edu,RB,5.782698860654127
2a88b5bcadbbe34b,colostate.edu,RB,2.721726656827335
e2d46cbf3e7285b3,colostate.edu,RB,4.966360722037859
601175ce9b20defa,colostate.edu,RB,6.027650386576196
72ece62cc3c49fe7,colostate.edu,RB,6.378217148036559
a1c70af61f47e84d,colostate.edu,RB,4.867312573431598
c2fba9a989d4f0f4,colostate.edu,RB,8.59323701136442
87903d8d1982a587,colostate.edu,RB,2.074423688750677
4615df2e9b1f884d,colostate.edu,RB,5.265324875604317
96ea5ef2e8fd5536,colostate.edu,RB,5.828484439801783
929881c3402b869e,carrentalbookers.com,MG,4.477425849918686
e30d621569e574db,carrentalbookers.com,MG,5.062493140461401
46bedb01c85781aa,carrentalbookers.com,MG,3.6541195497645775
b32db9946846a517,carrentalbookers.com,MG,3.935700591541449
020b2a76999543bc,atrila.net,RB,4.889941940834946
73fa326608bc1013,atrila.net,RB,3.082753142376525
700c15ad2a0e2df6,atrila.net,RB,52.96479957708928
7a4ffa65d5d7dab5,atrila.net,RB,5.384083792247059
625c70f27e8c3926,affordable-home-purification.com,RL,2.009983908718549
641890d2d55b518e,affordable-home-purification.com,RL,1.8364278627577109
9c890f9a354761bb,affordable-home-purification.com,RL,0.8739177973261766
5d50edfbee93a67b,affordable-home-purification.com,RL,1.8214834205933683
de9c38468069f250,ameliadns.com,SR,9.791789340101523
c15dac54fb9af8ec,cdnetworks.net,SR,2.020608844726286
4b6772e6082484a5,cdnetworks.net,SR,5.039980267250069
48a44c3fb59a6bde,cdnetworks.net,SR,3.2014784375907275
51e397d8e4879f25,cdnetworks.net,SR,4.76923962139302
9966ef42f6f24054,ablesky.com,RB,3.319994486069216
93df328a6441cd7e,ablesky.com,RB,2.246458719126524
f5a30c16989225d4,ablesky.com,RB,6.141588562106592
4a1efa0f4aebe050,ablesky.com,RB,7.047495940517905
b3b12c7171a91a44,bvki.com,SR,6.749109628958103
9b759f402d26591c,bvki.com,SR,2.886305200533004
3264bb19816b8c07,bvki.com,SR,5.2885381969093
53e1e48bb9b53adc,bvki.com,SR,6.052438005015325
b81d364504a9885e,autodealercolorado.com,RL,3.168003305142413
86cf4d59de4b4b26,autodealercolorado.com,RL,2.365942090659949
c5593ee966506431,autodealercolorado.com,RL,3.3027536231884063
a9c1c2082409746d,autodealercolorado.com,RL,0.8886868979503149
f96bcd15d6cb51bd,cho88.com,SR,35.241190049938744
a1ee88f0df53ec42,cb2architects.com,SR,4.0546619134568
a5cb1b57cb52a295,championproduce.com,SR,4.942636735887686
08fbc13b7b90c73d,cbmcinc.com,SR,4.095747822235346
b32476b99aab5ef2,9quer.com,SR,3.7648022543333663
19acdc0d73a99a13,carolinas.org,SR,5.893012716152593
39cd0166c753ef05,carolinas.org,SR,14.218423457918531
d099aa3e1c7acae9,56mcc.com,SR,3.9706039194774023
46b43bae89b96807,abisar.com,RL,1.9825233378465048
0ac5fe57ca7dcd8f,abisar.com,RL,2.3183717553737737
c7af6d5f838611d9,abisar.com,RL,3.275318592286269
889582209b7768fb,abisar.com,RL,2.829990546513708
3b32f591be2a2b6c,cardonrehab.com,SR,4.787407554146857
30a7a18018a21b2e,chnny.com,SR,4.33126465315129
971705e9f6ea8a36,churaumi.me,SR,5.261935654706738
1bf8a5afd9098b81,churaumi.me,SR,3.403011152416357
9559358bdb851392,awyx.com,SR,4.034992543281389
66cefc7427e06ebe,awyx.com,SR,4.033974923270919
bcf5992eaad154c6,awyx.com,SR,4.320605401127708
5b5ed99bbc9cdc26,awyx.com,SR,6.859360017047268
0b8252eb1f743133,co.gy,SR,15.978449218920929
9a16ab7c7dcd1c20,co.gy,SR,6.28915576182388
a113a802423ede71,co.gy,SR,6.04159222587701
05aa01a09fa6299d,broadviewnetworks.com,SR,5.031516572247185
9ff13207871c7088,as2116.net,SR,4.934943833796352
694c60c784d0b86d,as2116.net,SR,3.597919388717066
b269da429bde18ca,ac-creteil.fr,RB,28.73097957678586
b122dae6ea9b3c90,ac-creteil.fr,RB,26.07782225016113
712f9b1beb7107f2,ac-creteil.fr,RB,54.62349437276128
62e4152ffbb9f661,ac-creteil.fr,RB,44.54271305622676
204d6c09f8ffebd9,ato.br,SR,7.993026419252823
f6d3f0c281b6b772,ato.br,SR,4.679728296280441
5e5688ab4e042ce9,ato.br,SR,8.704717571041478
4568a1cd0a3e6c2e,ato.br,SR,8.385744847859879
f596499a34b32e7e,ato.br,SR,9.142322896320936
ef84767d5b453bcb,ato.br,SR,10.783689058638506
d461bb7ae8564ddb,ato.br,SR,9.743597601320529
9c3269892dd49654,ato.br,SR,1.6304473728336863
dfd2238dbac28388,ato.br,SR,8.959811481360937
110d14db49b6956b,ato.br,SR,11.055717277283252
1384c818ef04570b,ato.br,SR,78.32627870686018
f1d6987e67054c14,ato.br,SR,10.371182870016549
5ae515e543c44930,ato.br,SR,16.04695072062433
3ac1caffaddec8e2,ato.br,SR,14.792864611727277
e2e4a9be26de08ab,ato.br,SR,6.184064540543153
a155ea8efd3be30e,ato.br,SR,10.904509569838645
df0e72544f261fa8,adahes.com,RL,2.4037501840731705
3376015d485ecf98,adahes.com,RL,2.7059197154471537
8ebdaedeede9ff99,adahes.com,RL,1.7776988636363635
71ed1b7293b100b5,adahes.com,RL,1.75083605460912
6842dbb2033147e2,attachmate.com,RB,137.25376421907202
2141e00d9107af6e,attachmate.com,RB,2.34819857328034
b23a02a4ecb2389f,attachmate.com,RB,6.191099365451746
c8782656a652fb2e,attachmate.com,RB,7.458501146590099
41f42113be0c5f15,21logos.com,SR,5.0218095996360335
0a053972b0390982,21logos.com,SR,3.939201004349191
a2f51fc7b8852fa8,21logos.com,SR,5.060614304758277
7647ab2ce5aa81e2,4otaku.ru,SR,4.557941674841701
80409a328ebaf17b,4otaku.ru,SR,4.190023077694906
d8416eb628f37bd1,bell-labs.com,RB,6.613140706777975
75ddf7883d234fa1,bell-labs.com,RB,85.54197853462658
3879b7baa1199b50,bell-labs.com,RB,7.327702999912028
9881f7de832b958f,bell-labs.com,RB,10.176722624148343
67b0b412cd4378ff,cit.ie,SR,5.980364682937913
